date,trades_count,pnl_day_dollars,equity_eod
2019-01-01,14,-3685.0,46315.0
2019-01-02,30,8025.5,54340.5
2019-01-03,45,-943.0,53397.5
2019-01-04,25,3.0,53400.5
2019-01-05,0,0.0,53400.5
2019-01-06,14,-958.0,52442.5
2019-01-07,38,-9744.0,42698.5
2019-01-08,36,4889.5,47588.0
2019-01-09,38,-10869.5,36718.5
2019-01-10,40,-110.0,36608.5
2019-01-11,22,-3464.5,33144.0
2019-01-12,0,0.0,33144.0
2019-01-13,8,-575.0,32569.0
2019-01-14,36,1905.5,34474.5
2019-01-15,33,886.5,35361.0
2019-01-16,39,-931.5,34429.5
2019-01-17,41,-7763.5,26666.0
2019-01-18,26,-2403.5,24262.5
2019-01-19,0,0.0,24262.5
2019-01-20,7,1383.0,25645.5
2019-01-21,30,1788.0,27433.5
2019-01-22,39,-834.5,26599.0
2019-01-23,29,8256.0,34855.0
2019-01-24,33,-4248.5,30606.5
2019-01-25,30,-5544.0,25062.5
2019-01-26,0,0.0,25062.5
2019-01-27,8,1170.0,26232.5
2019-01-28,35,1945.0,28177.5
2019-01-29,25,5908.0,34085.5
2019-01-30,27,-6172.0,27913.5
2019-01-31,32,-1147.5,26766.0
2019-02-01,27,-1531.0,25235.0
2019-02-02,0,0.0,25235.0
2019-02-03,6,-31.0,25204.0
2019-02-04,37,-2422.0,22782.0
2019-02-05,32,-623.5,22158.5
2019-02-06,35,-507.0,21651.5
2019-02-07,33,2907.0,24558.5
2019-02-08,21,374.0,24932.5
2019-02-09,0,0.0,24932.5
2019-02-10,8,-143.0,24789.5
2019-02-11,29,-1502.5,23287.0
2019-02-12,40,817.5,24104.5
2019-02-13,34,-1114.5,22990.0
2019-02-14,33,-3339.0,19651.0
2019-02-15,17,3788.0,23439.0
2019-02-16,0,0.0,23439.0
2019-02-17,11,-269.5,23169.5
2019-02-18,31,-1286.0,21883.5
2019-02-19,45,-992.0,20891.5
2019-02-20,29,-83.5,20808.0
2019-02-21,36,-1671.0,19137.0
2019-02-22,22,2383.5,21520.5
2019-02-23,0,0.0,21520.5
2019-02-24,11,-455.0,21065.5
2019-02-25,30,-414.5,20651.0
2019-02-26,26,1278.0,21929.0
2019-02-27,40,-1682.5,20246.5
2019-02-28,43,18.5,20265.0
2019-03-01,29,1048.5,21313.5
2019-03-02,0,0.0,21313.5
2019-03-03,9,-286.0,21027.5
2019-03-04,39,-1296.5,19731.0
2019-03-05,37,-1611.5,18119.5
2019-03-06,35,-2460.5,15659.0
2019-03-07,32,-635.5,15023.5
2019-03-08,26,414.0,15437.5
2019-03-09,0,0.0,15437.5
2019-03-10,6,673.0,16110.5
2019-03-11,31,1117.5,17228.0
2019-03-12,29,-739.5,16488.5
2019-03-13,33,-876.0,15612.5
2019-03-14,38,-985.5,14627.0
2019-03-15,24,-692.5,13934.5
2019-03-16,0,0.0,13934.5
2019-03-17,10,-195.5,13739.0
2019-03-18,32,4.5,13743.5
2019-03-19,32,-537.0,13206.5
2019-03-20,30,-430.0,12776.5
2019-03-21,29,84.0,12860.5
2019-03-22,27,-201.5,12659.0
2019-03-23,0,0.0,12659.0
2019-03-24,8,-724.0,11935.0
2019-03-25,34,-1044.0,10891.0
2019-03-26,31,-249.0,10642.0
2019-03-27,36,297.5,10939.5
2019-03-28,36,222.5,11162.0
2019-03-29,25,1159.0,12321.0
2019-03-30,0,0.0,12321.0
2019-03-31,8,225.0,12546.0
2019-04-01,41,-1517.0,11029.0
2019-04-02,37,853.0,11882.0
2019-04-03,31,311.0,12193.0
2019-04-04,39,-471.5,11721.5
2019-04-05,36,-1713.0,10008.5
2019-04-06,0,0.0,10008.5
2019-04-07,9,-198.0,9810.5
2019-04-08,33,466.0,10276.5
2019-04-09,45,-1182.5,9094.0
2019-04-10,41,-82.0,9012.0
2019-04-11,31,-415.5,8596.5
2019-04-12,25,169.5,8766.0
2019-04-13,0,0.0,8766.0
2019-04-14,10,-160.0,8606.0
2019-04-15,37,263.5,8869.5
2019-04-16,33,400.5,9270.0
2019-04-17,27,38.5,9308.5
2019-04-18,17,1117.0,10425.5
2019-04-19,0,0.0,10425.5
2019-04-20,0,0.0,10425.5
2019-04-21,9,-28.0,10397.5
2019-04-22,35,768.0,11165.5
2019-04-23,28,2143.5,13309.0
2019-04-24,39,214.5,13523.5
2019-04-25,32,-73.0,13450.5
2019-04-26,23,1827.5,15278.0
2019-04-27,0,0.0,15278.0
2019-04-28,10,-302.0,14976.0
2019-04-29,29,-169.5,14806.5
2019-04-30,34,727.0,15533.5
2019-05-01,33,3172.0,18705.5
2019-05-02,36,-1326.0,17379.5
2019-05-03,24,-832.5,16547.0
2019-05-04,0,0.0,16547.0
2019-05-05,9,140.5,16687.5
2019-05-06,33,1409.5,18097.0
2019-05-07,37,-3231.0,14866.0
2019-05-08,44,-596.5,14269.5
2019-05-09,29,-1501.0,12768.5
2019-05-10,19,3640.5,16409.0
2019-05-11,0,0.0,16409.0
2019-05-12,16,-1200.0,15209.0
2019-05-13,34,-3481.5,11727.5
2019-05-14,37,26.5,11754.0
2019-05-15,28,2042.0,13796.0
2019-05-16,30,-270.0,13526.0
2019-05-17,23,471.5,13997.5
2019-05-18,0,0.0,13997.5
2019-05-19,10,-362.0,13635.5
2019-05-20,39,-2665.0,10970.5
2019-05-21,33,-910.5,10060.0
2019-05-22,35,185.5,10245.5
2019-05-23,40,-1635.0,8610.5
2019-05-24,27,-723.5,7887.0
2019-05-25,0,0.0,7887.0
2019-05-26,10,-112.5,7774.5
2019-05-27,27,581.0,8355.5
2019-05-28,30,-496.5,7859.0
2019-05-29,29,-72.0,7787.0
2019-05-30,36,-622.0,7165.0
2019-05-31,23,-1243.5,5921.5
2019-06-01,0,0.0,5921.5
2019-06-02,8,-325.5,5596.0
2019-06-03,32,-271.0,5325.0
2019-06-04,24,-372.0,4953.0
2019-06-05,29,792.5,5745.5
2019-06-06,37,-286.0,5459.5
2019-06-07,28,54.0,5513.5
2019-06-08,0,0.0,5513.5
2019-06-09,7,207.5,5721.0
2019-06-10,31,-142.5,5578.5
2019-06-11,36,-198.0,5380.5
2019-06-12,33,-100.0,5280.5
2019-06-13,40,-287.0,4993.5
2019-06-14,28,-161.5,4832.0
2019-06-15,0,0.0,4832.0
2019-06-16,8,147.0,4979.0
2019-06-17,38,-257.5,4721.5
2019-06-18,33,5.5,4727.0
2019-06-19,38,-907.5,3819.5
2019-06-20,36,57.5,3877.0
2019-06-21,22,-72.0,3805.0
2019-06-22,0,0.0,3805.0
2019-06-23,9,-30.0,3775.0
2019-06-24,37,82.0,3857.0
2019-06-25,30,147.5,4004.5
2019-06-26,34,535.5,4540.0
2019-06-27,31,-57.5,4482.5
2019-06-28,21,632.5,5115.0
2019-06-29,0,0.0,5115.0
2019-06-30,11,-15.0,5100.0
2019-07-01,39,-398.5,4701.5
2019-07-02,31,-185.5,4516.0
2019-07-03,28,-252.5,4263.5
2019-07-04,36,-205.0,4058.5
2019-07-05,20,252.5,4311.0
2019-07-06,0,0.0,4311.0
2019-07-07,12,145.0,4456.0
2019-07-08,33,506.5,4962.5
2019-07-09,36,-455.0,4507.5
2019-07-10,22,191.5,4699.0
2019-07-11,39,-167.0,4532.0
2019-07-12,24,-285.0,4247.0
2019-07-13,0,0.0,4247.0
2019-07-14,9,82.5,4329.5
2019-07-15,36,-396.0,3933.5
2019-07-16,34,212.0,4145.5
2019-07-17,27,472.5,4618.0
2019-07-18,31,1222.5,5840.5
2019-07-19,20,-786.5,5054.0
2019-07-20,0,0.0,5054.0
2019-07-21,16,-216.0,4838.0
2019-07-22,33,267.0,5105.0
2019-07-23,31,621.5,5726.5
2019-07-24,36,154.0,5880.5
2019-07-25,40,-237.5,5643.0
2019-07-26,26,-208.0,5435.0
2019-07-27,0,0.0,5435.0
2019-07-28,9,-150.0,5285.0
2019-07-29,38,171.0,5456.0
2019-07-30,32,-36.0,5420.0
2019-07-31,34,-29.0,5391.0
2019-08-01,32,935.0,6326.0
2019-08-02,24,170.0,6496.0
2019-08-03,0,0.0,6496.0
2019-08-04,9,-400.5,6095.5
2019-08-05,29,-1282.0,4813.5
2019-08-06,31,-343.0,4470.5
2019-08-07,33,-275.0,4195.5
2019-08-08,38,-73.0,4122.5
2019-08-09,18,127.5,4250.0
2019-08-10,0,0.0,4250.0
2019-08-11,11,-32.5,4217.5
2019-08-12,38,-566.0,3651.5
2019-08-13,35,184.0,3835.5
2019-08-14,31,-115.5,3720.0
2019-08-15,30,160.5,3880.5
2019-08-16,27,-145.0,3735.5
2019-08-17,0,0.0,3735.5
2019-08-18,15,-14.0,3721.5
2019-08-19,23,579.5,4301.0
2019-08-20,34,-115.0,4186.0
2019-08-21,42,10.0,4196.0
2019-08-22,25,585.0,4781.0
2019-08-23,23,88.5,4869.5
2019-08-24,0,0.0,4869.5
2019-08-25,11,-34.0,4835.5
2019-08-26,40,-592.5,4243.0
2019-08-27,32,11.0,4254.0
2019-08-28,38,-204.5,4049.5
2019-08-29,33,-24.5,4025.0
2019-08-30,18,607.5,4632.5
2019-08-31,0,0.0,4632.5
2019-09-01,6,186.0,4818.5
2019-09-02,31,-369.0,4449.5
2019-09-03,33,-40.0,4409.5
2019-09-04,27,1414.5,5824.0
2019-09-05,31,-201.5,5622.5
2019-09-06,21,-175.5,5447.0
2019-09-07,0,0.0,5447.0
2019-09-08,15,-291.0,5156.0
2019-09-09,34,773.5,5929.5
2019-09-10,30,647.5,6577.0
2019-09-11,32,1259.0,7836.0
2019-09-12,31,-532.5,7303.5
2019-09-13,24,67.5,7371.0
2019-09-14,0,0.0,7371.0
2019-09-15,11,-110.0,7261.0
2019-09-16,39,-507.0,6754.0
2019-09-17,41,-225.0,6529.0
2019-09-18,34,-393.5,6135.5
2019-09-19,36,-780.5,5355.0
2019-09-20,18,1094.0,6449.0
2019-09-21,0,0.0,6449.0
2019-09-22,10,516.0,6965.0
2019-09-23,26,182.0,7147.0
2019-09-24,32,-806.0,6341.0
2019-09-25,34,1477.0,7818.0
2019-09-26,31,364.0,8182.0
2019-09-27,23,364.0,8546.0
2019-09-28,0,0.0,8546.0
2019-09-29,9,-105.0,8441.0
2019-09-30,45,-1490.0,6951.0
2019-10-01,36,-4.5,6946.5
2019-10-02,31,-1206.5,5740.0
2019-10-03,39,-1694.5,4045.5
2019-10-04,24,-708.0,3337.5
2019-10-05,0,0.0,3337.5
2019-10-06,10,-138.5,3199.0
2019-10-07,33,-109.5,3089.5
2019-10-08,36,85.0,3174.5
2019-10-09,40,544.5,3719.0
2019-10-10,39,-228.0,3491.0
2019-10-11,23,-419.5,3071.5
2019-10-12,0,0.0,3071.5
2019-10-13,13,-22.5,3049.0
2019-10-14,33,-188.0,2861.0
2019-10-15,29,-37.5,2823.5
2019-10-16,30,-61.5,2762.0
2019-10-17,33,-10.5,2751.5
2019-10-18,27,386.0,3137.5
2019-10-19,0,0.0,3137.5
2019-10-20,14,-36.0,3101.5
2019-10-21,40,-24.0,3077.5
2019-10-22,26,-54.0,3023.5
2019-10-23,31,352.5,3376.0
2019-10-24,38,8.0,3384.0
2019-10-25,23,264.0,3648.0
2019-10-26,0,0.0,3648.0
2019-10-27,14,-120.0,3528.0
2019-10-28,37,-426.0,3102.0
2019-10-29,37,-1.5,3100.5
2019-10-30,34,-315.0,2785.5
2019-10-31,32,-27.0,2758.5
2019-11-01,25,81.0,2839.5
2019-11-02,0,0.0,2839.5
2019-11-03,9,19.5,2859.0
2019-11-04,40,-141.0,2718.0
2019-11-05,38,-109.5,2608.5
2019-11-06,35,-13.5,2595.0
2019-11-07,32,22.5,2617.5
2019-11-08,22,139.5,2757.0
2019-11-09,0,0.0,2757.0
2019-11-10,11,-49.5,2707.5
2019-11-11,32,109.5,2817.0
2019-11-12,28,-16.5,2800.5
2019-11-13,25,-9.0,2791.5
2019-11-14,34,19.5,2811.0
2019-11-15,21,36.0,2847.0
2019-11-16,0,0.0,2847.0
2019-11-17,9,18.0,2865.0
2019-11-18,27,268.5,3133.5
2019-11-19,34,-39.0,3094.5
2019-11-20,35,-87.0,3007.5
2019-11-21,30,-108.0,2899.5
2019-11-22,20,211.5,3111.0
2019-11-23,0,0.0,3111.0
2019-11-24,12,-19.5,3091.5
2019-11-25,40,172.5,3264.0
2019-11-26,38,-139.0,3125.0
2019-11-27,35,47.0,3172.0
2019-11-28,30,-37.5,3134.5
2019-11-29,21,-27.0,3107.5
2019-11-30,0,0.0,3107.5
2019-12-01,16,50.5,3158.0
2019-12-02,23,258.5,3416.5
2019-12-03,35,-283.5,3133.0
2019-12-04,33,185.0,3318.0
2019-12-05,36,-473.5,2844.5
2019-12-06,32,-427.5,2417.0
2019-12-07,0,0.0,2417.0
2019-12-08,10,81.0,2498.0
2019-12-09,37,57.0,2555.0
2019-12-10,29,258.0,2813.0
2019-12-11,31,-21.0,2792.0
2019-12-12,39,133.5,2925.5
2019-12-13,27,-205.5,2720.0
2019-12-14,0,0.0,2720.0
2019-12-15,12,-79.5,2640.5
2019-12-16,37,-311.0,2329.5
2019-12-17,35,-42.0,2287.5
2019-12-18,34,-30.0,2257.5
2019-12-19,30,-52.0,2205.5
2019-12-20,20,-84.0,2121.5
2019-12-21,0,0.0,2121.5
2019-12-22,8,18.0,2139.5
2019-12-23,27,-8.0,2131.5
2019-12-24,21,-45.0,2086.5
2019-12-25,9,-22.0,2064.5
2019-12-26,26,-48.0,2016.5
2019-12-27,17,159.0,2175.5
2019-12-28,0,0.0,2175.5
2019-12-29,6,-8.0,2167.5
2019-12-30,31,259.0,2426.5
2019-12-31,18,169.0,2595.5
2020-01-01,6,84.0,2679.5
2020-01-02,19,1129.5,3809.0
2020-01-03,22,102.0,3911.0
2020-01-04,0,0.0,3911.0
2020-01-05,6,61.5,3972.5
2020-01-06,38,310.0,4282.5
2020-01-07,30,-411.5,3871.0
2020-01-08,27,1055.5,4926.5
2020-01-09,32,-504.0,4422.5
2020-01-10,23,2.5,4425.0
2020-01-11,0,0.0,4425.0
2020-01-12,8,-112.5,4312.5
2020-01-13,32,-418.0,3894.5
2020-01-14,32,-125.5,3769.0
2020-01-15,33,306.0,4075.0
2020-01-16,30,304.5,4379.5
2020-01-17,26,27.5,4407.0
2020-01-18,0,0.0,4407.0
2020-01-19,15,-20.0,4387.0
2020-01-20,25,-150.0,4237.0
2020-01-21,40,450.0,4687.0
2020-01-22,35,-450.0,4237.0
2020-01-23,32,342.5,4579.5
2020-01-24,22,-497.5,4082.0
2020-01-25,0,0.0,4082.0
2020-01-26,9,147.5,4229.5
2020-01-27,30,-162.0,4067.5
2020-01-28,34,195.0,4262.5
2020-01-29,37,300.5,4563.0
2020-01-30,36,665.5,5228.5
2020-01-31,20,145.0,5373.5
2020-02-01,0,0.0,5373.5
2020-02-02,11,-651.0,4722.5
2020-02-03,38,-570.5,4152.0
2020-02-04,34,-695.0,3457.0
2020-02-05,38,421.5,3878.5
2020-02-06,31,43.5,3922.0
2020-02-07,21,-351.0,3571.0
2020-02-08,0,0.0,3571.0
2020-02-09,13,170.0,3741.0
2020-02-10,28,-26.0,3715.0
2020-02-11,40,-302.0,3413.0
2020-02-12,43,-457.5,2955.5
2020-02-13,26,-196.5,2759.0
2020-02-14,22,-19.5,2739.5
2020-02-15,0,0.0,2739.5
2020-02-16,9,-126.0,2613.5
2020-02-17,30,-69.0,2544.5
2020-02-18,28,-49.5,2495.0
2020-02-19,38,-91.0,2404.0
2020-02-20,32,-23.0,2381.0
2020-02-21,22,-54.0,2327.0
2020-02-22,0,0.0,2327.0
2020-02-23,13,-236.0,2091.0
2020-02-24,27,507.0,2598.0
2020-02-25,38,776.0,3374.0
2020-02-26,35,-687.0,2687.0
2020-02-27,37,479.5,3166.5
2020-02-28,34,-165.5,3001.0
2020-02-29,0,0.0,3001.0
2020-03-01,17,-358.0,2643.0
2020-03-02,48,-404.0,2239.0
2020-03-03,43,-916.0,1323.0
2020-03-04,37,-111.0,1212.0
2020-03-05,36,150.5,1362.5
2020-03-06,25,206.0,1568.5
2020-03-07,0,0.0,1568.5
2020-03-08,6,95.0,1663.5
2020-03-09,27,163.0,1826.5
2020-03-10,48,-346.5,1480.0
2020-03-11,48,-238.0,1242.0
2020-03-12,44,-457.5,784.5
2020-03-13,23,0.0,784.5
2020-03-14,0,0.0,784.5
2020-03-15,0,0.0,784.5
2020-03-16,20,0.0,784.5
2020-03-17,41,0.0,784.5
2020-03-18,28,0.0,784.5
2020-03-19,64,0.0,784.5
2020-03-20,24,0.0,784.5
2020-03-21,0,0.0,784.5
2020-03-22,12,0.0,784.5
2020-03-23,50,0.0,784.5
2020-03-24,43,0.0,784.5
2020-03-25,47,0.0,784.5
2020-03-26,37,0.0,784.5
2020-03-27,28,0.0,784.5
2020-03-28,0,0.0,784.5
2020-03-29,12,0.0,784.5
2020-03-30,48,0.0,784.5
2020-03-31,38,0.0,784.5
2020-04-01,36,0.0,784.5
2020-04-02,36,0.0,784.5
2020-04-03,34,0.0,784.5
2020-04-04,0,0.0,784.5
2020-04-05,10,0.0,784.5
2020-04-06,36,0.0,784.5
2020-04-07,33,0.0,784.5
2020-04-08,35,0.0,784.5
2020-04-09,27,0.0,784.5
2020-04-10,0,0.0,784.5
2020-04-11,0,0.0,784.5
2020-04-12,11,0.0,784.5
2020-04-13,39,0.0,784.5
2020-04-14,33,0.0,784.5
2020-04-15,33,0.0,784.5
2020-04-16,39,0.0,784.5
2020-04-17,21,0.0,784.5
2020-04-18,0,0.0,784.5
2020-04-19,10,0.0,784.5
2020-04-20,41,0.0,784.5
2020-04-21,39,0.0,784.5
2020-04-22,37,0.0,784.5
2020-04-23,32,0.0,784.5
2020-04-24,25,0.0,784.5
2020-04-25,0,0.0,784.5
2020-04-26,11,0.0,784.5
2020-04-27,33,0.0,784.5
2020-04-28,37,0.0,784.5
2020-04-29,36,0.0,784.5
2020-04-30,37,0.0,784.5
2020-05-01,19,0.0,784.5
2020-05-02,0,0.0,784.5
2020-05-03,8,0.0,784.5
2020-05-04,35,0.0,784.5
2020-05-05,35,0.0,784.5
2020-05-06,38,0.0,784.5
2020-05-07,36,0.0,784.5
2020-05-08,19,0.0,784.5
2020-05-09,0,0.0,784.5
2020-05-10,7,0.0,784.5
2020-05-11,26,0.0,784.5
2020-05-12,29,0.0,784.5
2020-05-13,33,0.0,784.5
2020-05-14,36,0.0,784.5
2020-05-15,21,0.0,784.5
2020-05-16,0,0.0,784.5
2020-05-17,15,0.0,784.5
2020-05-18,36,0.0,784.5
2020-05-19,41,0.0,784.5
2020-05-20,41,0.0,784.5
2020-05-21,31,0.0,784.5
2020-05-22,22,0.0,784.5
2020-05-23,0,0.0,784.5
2020-05-24,8,0.0,784.5
2020-05-25,26,0.0,784.5
2020-05-26,32,0.0,784.5
2020-05-27,29,0.0,784.5
2020-05-28,26,0.0,784.5
2020-05-29,21,0.0,784.5
2020-05-30,0,0.0,784.5
2020-05-31,12,0.0,784.5
2020-06-01,37,0.0,784.5
2020-06-02,32,0.0,784.5
2020-06-03,34,0.0,784.5
2020-06-04,31,0.0,784.5
2020-06-05,23,0.0,784.5
2020-06-06,0,0.0,784.5
2020-06-07,10,0.0,784.5
2020-06-08,36,0.0,784.5
2020-06-09,30,0.0,784.5
2020-06-10,34,0.0,784.5
2020-06-11,37,0.0,784.5
2020-06-12,25,0.0,784.5
2020-06-13,0,0.0,784.5
2020-06-14,11,0.0,784.5
2020-06-15,44,0.0,784.5
2020-06-16,32,0.0,784.5
2020-06-17,42,0.0,784.5
2020-06-18,33,0.0,784.5
2020-06-19,25,0.0,784.5
2020-06-20,0,0.0,784.5
2020-06-21,7,0.0,784.5
2020-06-22,28,0.0,784.5
2020-06-23,29,0.0,784.5
2020-06-24,32,0.0,784.5
2020-06-25,36,0.0,784.5
2020-06-26,22,0.0,784.5
2020-06-27,0,0.0,784.5
2020-06-28,12,0.0,784.5
2020-06-29,27,0.0,784.5
2020-06-30,42,0.0,784.5
2020-07-01,27,0.0,784.5
2020-07-02,33,0.0,784.5
2020-07-03,13,0.0,784.5
2020-07-04,0,0.0,784.5
2020-07-05,8,0.0,784.5
2020-07-06,30,0.0,784.5
2020-07-07,30,0.0,784.5
2020-07-08,32,0.0,784.5
2020-07-09,34,0.0,784.5
2020-07-10,19,0.0,784.5
2020-07-11,0,0.0,784.5
2020-07-12,12,0.0,784.5
2020-07-13,29,0.0,784.5
2020-07-14,33,0.0,784.5
2020-07-15,39,0.0,784.5
2020-07-16,37,0.0,784.5
2020-07-17,23,0.0,784.5
2020-07-18,0,0.0,784.5
2020-07-19,12,0.0,784.5
2020-07-20,23,0.0,784.5
2020-07-21,34,0.0,784.5
2020-07-22,36,0.0,784.5
2020-07-23,41,0.0,784.5
2020-07-24,24,0.0,784.5
2020-07-25,0,0.0,784.5
2020-07-26,11,0.0,784.5
2020-07-27,37,0.0,784.5
2020-07-28,34,0.0,784.5
2020-07-29,37,0.0,784.5
2020-07-30,29,0.0,784.5
2020-07-31,20,0.0,784.5
2020-08-01,0,0.0,784.5
2020-08-02,9,0.0,784.5
2020-08-03,34,0.0,784.5
2020-08-04,42,0.0,784.5
2020-08-05,36,0.0,784.5
2020-08-06,35,0.0,784.5
2020-08-07,28,0.0,784.5
2020-08-08,0,0.0,784.5
2020-08-09,13,0.0,784.5
2020-08-10,34,0.0,784.5
2020-08-11,36,0.0,784.5
2020-08-12,37,0.0,784.5
2020-08-13,31,0.0,784.5
2020-08-14,29,0.0,784.5
2020-08-15,0,0.0,784.5
2020-08-16,7,0.0,784.5
2020-08-17,44,0.0,784.5
2020-08-18,35,0.0,784.5
2020-08-19,34,0.0,784.5
2020-08-20,33,0.0,784.5
2020-08-21,23,0.0,784.5
2020-08-22,0,0.0,784.5
2020-08-23,11,0.0,784.5
2020-08-24,32,0.0,784.5
2020-08-25,35,0.0,784.5
2020-08-26,27,0.0,784.5
2020-08-27,36,0.0,784.5
2020-08-28,25,0.0,784.5
2020-08-29,0,0.0,784.5
2020-08-30,12,0.0,784.5
2020-08-31,34,0.0,784.5
2020-09-01,42,0.0,784.5
2020-09-02,30,0.0,784.5
2020-09-03,30,0.0,784.5
2020-09-04,20,0.0,784.5
2020-09-05,0,0.0,784.5
2020-09-06,14,0.0,784.5
2020-09-07,29,0.0,784.5
2020-09-08,40,0.0,784.5
2020-09-09,37,0.0,784.5
2020-09-10,34,0.0,784.5
2020-09-11,28,0.0,784.5
2020-09-12,0,0.0,784.5
2020-09-13,11,0.0,784.5
2020-09-14,34,0.0,784.5
2020-09-15,34,0.0,784.5
2020-09-16,31,0.0,784.5
2020-09-17,35,0.0,784.5
2020-09-18,24,0.0,784.5
2020-09-19,0,0.0,784.5
2020-09-20,10,0.0,784.5
2020-09-21,35,0.0,784.5
2020-09-22,31,0.0,784.5
2020-09-23,44,0.0,784.5
2020-09-24,35,0.0,784.5
2020-09-25,26,0.0,784.5
2020-09-26,0,0.0,784.5
2020-09-27,8,0.0,784.5
2020-09-28,35,0.0,784.5
2020-09-29,38,0.0,784.5
2020-09-30,33,0.0,784.5
2020-10-01,39,0.0,784.5
2020-10-02,25,0.0,784.5
2020-10-03,0,0.0,784.5
2020-10-04,9,0.0,784.5
2020-10-05,27,0.0,784.5
2020-10-06,36,0.0,784.5
2020-10-07,33,0.0,784.5
2020-10-08,32,0.0,784.5
2020-10-09,27,0.0,784.5
2020-10-10,0,0.0,784.5
2020-10-11,8,0.0,784.5
2020-10-12,30,0.0,784.5
2020-10-13,42,0.0,784.5
2020-10-14,33,0.0,784.5
2020-10-15,44,0.0,784.5
2020-10-16,27,0.0,784.5
2020-10-17,0,0.0,784.5
2020-10-18,9,0.0,784.5
2020-10-19,31,0.0,784.5
2020-10-20,47,0.0,784.5
2020-10-21,32,0.0,784.5
2020-10-22,40,0.0,784.5
2020-10-23,23,0.0,784.5
2020-10-24,0,0.0,784.5
2020-10-25,11,0.0,784.5
2020-10-26,33,0.0,784.5
2020-10-27,34,0.0,784.5
2020-10-28,40,0.0,784.5
2020-10-29,28,0.0,784.5
2020-10-30,28,0.0,784.5
2020-10-31,0,0.0,784.5
2020-11-01,15,0.0,784.5
2020-11-02,37,0.0,784.5
2020-11-03,38,0.0,784.5
2020-11-04,42,0.0,784.5
2020-11-05,38,0.0,784.5
2020-11-06,24,0.0,784.5
2020-11-07,0,0.0,784.5
2020-11-08,15,0.0,784.5
2020-11-09,40,0.0,784.5
2020-11-10,44,0.0,784.5
2020-11-11,36,0.0,784.5
2020-11-12,43,0.0,784.5
2020-11-13,28,0.0,784.5
2020-11-14,0,0.0,784.5
2020-11-15,12,0.0,784.5
2020-11-16,39,0.0,784.5
2020-11-17,37,0.0,784.5
2020-11-18,41,0.0,784.5
2020-11-19,32,0.0,784.5
2020-11-20,27,0.0,784.5
2020-11-21,0,0.0,784.5
2020-11-22,8,0.0,784.5
2020-11-23,35,0.0,784.5
2020-11-24,34,0.0,784.5
2020-11-25,32,0.0,784.5
2020-11-26,30,0.0,784.5
2020-11-27,17,0.0,784.5
2020-11-28,0,0.0,784.5
2020-11-29,8,0.0,784.5
2020-11-30,34,0.0,784.5
2020-12-01,32,0.0,784.5
2020-12-02,37,0.0,784.5
2020-12-03,37,0.0,784.5
2020-12-04,29,0.0,784.5
2020-12-05,0,0.0,784.5
2020-12-06,13,0.0,784.5
2020-12-07,31,0.0,784.5
2020-12-08,35,0.0,784.5
2020-12-09,36,0.0,784.5
2020-12-10,38,0.0,784.5
2020-12-11,23,0.0,784.5
2020-12-12,0,0.0,784.5
2020-12-13,15,0.0,784.5
2020-12-14,36,0.0,784.5
2020-12-15,27,0.0,784.5
2020-12-16,34,0.0,784.5
2020-12-17,33,0.0,784.5
2020-12-18,21,0.0,784.5
2020-12-19,0,0.0,784.5
2020-12-20,15,0.0,784.5
2020-12-21,23,0.0,784.5
2020-12-22,41,0.0,784.5
2020-12-23,33,0.0,784.5
2020-12-24,23,0.0,784.5
2020-12-25,0,0.0,784.5
2020-12-26,0,0.0,784.5
2020-12-27,5,0.0,784.5
2020-12-28,30,0.0,784.5
2020-12-29,23,0.0,784.5
2020-12-30,39,0.0,784.5
2020-12-31,24,0.0,784.5
2021-01-01,0,0.0,784.5
2021-01-02,0,0.0,784.5
2021-01-03,13,0.0,784.5
2021-01-04,32,0.0,784.5
2021-01-05,33,0.0,784.5
2021-01-06,33,0.0,784.5
2021-01-07,28,0.0,784.5
2021-01-08,26,0.0,784.5
2021-01-09,0,0.0,784.5
2021-01-10,12,0.0,784.5
2021-01-11,34,0.0,784.5
2021-01-12,31,0.0,784.5
2021-01-13,39,0.0,784.5
2021-01-14,31,0.0,784.5
2021-01-15,24,0.0,784.5
2021-01-16,0,0.0,784.5
2021-01-17,8,0.0,784.5
2021-01-18,28,0.0,784.5
2021-01-19,35,0.0,784.5
2021-01-20,29,0.0,784.5
2021-01-21,35,0.0,784.5
2021-01-22,23,0.0,784.5
2021-01-23,0,0.0,784.5
2021-01-24,9,0.0,784.5
2021-01-25,35,0.0,784.5
2021-01-26,29,0.0,784.5
2021-01-27,39,0.0,784.5
2021-01-28,29,0.0,784.5
2021-01-29,29,0.0,784.5
2021-01-30,0,0.0,784.5
2021-01-31,12,0.0,784.5
2021-02-01,36,0.0,784.5
2021-02-02,45,0.0,784.5
2021-02-03,50,0.0,784.5
2021-02-04,35,0.0,784.5
2021-02-05,27,0.0,784.5
2021-02-06,0,0.0,784.5
2021-02-07,13,0.0,784.5
2021-02-08,35,0.0,784.5
2021-02-09,39,0.0,784.5
2021-02-10,26,0.0,784.5
2021-02-11,32,0.0,784.5
2021-02-12,19,0.0,784.5
2021-02-13,0,0.0,784.5
2021-02-14,10,0.0,784.5
2021-02-15,25,0.0,784.5
2021-02-16,29,0.0,784.5
2021-02-17,28,0.0,784.5
2021-02-18,31,0.0,784.5
2021-02-19,23,0.0,784.5
2021-02-20,0,0.0,784.5
2021-02-21,9,0.0,784.5
2021-02-22,28,0.0,784.5
2021-02-23,35,0.0,784.5
2021-02-24,38,0.0,784.5
2021-02-25,40,0.0,784.5
2021-02-26,26,0.0,784.5
2021-02-27,0,0.0,784.5
2021-02-28,10,0.0,784.5
2021-03-01,38,0.0,784.5
2021-03-02,36,0.0,784.5
2021-03-03,36,0.0,784.5
2021-03-04,40,0.0,784.5
2021-03-05,27,0.0,784.5
2021-03-06,0,0.0,784.5
2021-03-07,13,0.0,784.5
2021-03-08,35,0.0,784.5
2021-03-09,30,0.0,784.5
2021-03-10,51,0.0,784.5
2021-03-11,37,0.0,784.5
2021-03-12,26,0.0,784.5
2021-03-13,0,0.0,784.5
2021-03-14,9,0.0,784.5
2021-03-15,27,0.0,784.5
2021-03-16,34,0.0,784.5
2021-03-17,38,0.0,784.5
2021-03-18,38,0.0,784.5
2021-03-19,26,0.0,784.5
2021-03-20,0,0.0,784.5
2021-03-21,14,0.0,784.5
2021-03-22,30,0.0,784.5
2021-03-23,27,0.0,784.5
2021-03-24,36,0.0,784.5
2021-03-25,31,0.0,784.5
2021-03-26,15,0.0,784.5
2021-03-27,0,0.0,784.5
2021-03-28,11,0.0,784.5
2021-03-29,37,0.0,784.5
2021-03-30,42,0.0,784.5
2021-03-31,26,0.0,784.5
2021-04-01,39,0.0,784.5
2021-04-02,16,0.0,784.5
2021-04-03,0,0.0,784.5
2021-04-04,11,0.0,784.5
2021-04-05,35,0.0,784.5
2021-04-06,38,0.0,784.5
2021-04-07,36,0.0,784.5
2021-04-08,35,0.0,784.5
2021-04-09,22,0.0,784.5
2021-04-10,0,0.0,784.5
2021-04-11,11,0.0,784.5
2021-04-12,37,0.0,784.5
2021-04-13,43,0.0,784.5
2021-04-14,37,0.0,784.5
2021-04-15,36,0.0,784.5
2021-04-16,27,0.0,784.5
2021-04-17,0,0.0,784.5
2021-04-18,11,0.0,784.5
2021-04-19,39,0.0,784.5
2021-04-20,37,0.0,784.5
2021-04-21,41,0.0,784.5
2021-04-22,33,0.0,784.5
2021-04-23,33,0.0,784.5
2021-04-24,0,0.0,784.5
2021-04-25,10,0.0,784.5
2021-04-26,40,0.0,784.5
2021-04-27,36,0.0,784.5
2021-04-28,31,0.0,784.5
2021-04-29,39,0.0,784.5
2021-04-30,24,0.0,784.5
2021-05-01,0,0.0,784.5
2021-05-02,10,0.0,784.5
2021-05-03,37,0.0,784.5
2021-05-04,43,0.0,784.5
2021-05-05,36,0.0,784.5
2021-05-06,33,0.0,784.5
2021-05-07,28,0.0,784.5
2021-05-08,0,0.0,784.5
2021-05-09,15,0.0,784.5
2021-05-10,25,0.0,784.5
2021-05-11,34,0.0,784.5
2021-05-12,34,0.0,784.5
2021-05-13,42,0.0,784.5
2021-05-14,29,0.0,784.5
2021-05-15,0,0.0,784.5
2021-05-16,11,0.0,784.5
2021-05-17,37,0.0,784.5
2021-05-18,30,0.0,784.5
2021-05-19,36,0.0,784.5
2021-05-20,26,0.0,784.5
2021-05-21,27,0.0,784.5
2021-05-22,0,0.0,784.5
2021-05-23,12,0.0,784.5
2021-05-24,34,0.0,784.5
2021-05-25,39,0.0,784.5
2021-05-26,31,0.0,784.5
2021-05-27,33,0.0,784.5
2021-05-28,22,0.0,784.5
2021-05-29,0,0.0,784.5
2021-05-30,11,0.0,784.5
2021-05-31,36,0.0,784.5
2021-06-01,39,0.0,784.5
2021-06-02,31,0.0,784.5
2021-06-03,26,0.0,784.5
2021-06-04,22,0.0,784.5
2021-06-05,0,0.0,784.5
2021-06-06,16,0.0,784.5
2021-06-07,39,0.0,784.5
2021-06-08,33,0.0,784.5
2021-06-09,38,0.0,784.5
2021-06-10,37,0.0,784.5
2021-06-11,29,0.0,784.5
2021-06-12,0,0.0,784.5
2021-06-13,11,0.0,784.5
2021-06-14,33,0.0,784.5
2021-06-15,38,0.0,784.5
2021-06-16,29,0.0,784.5
2021-06-17,37,0.0,784.5
2021-06-18,30,0.0,784.5
2021-06-19,0,0.0,784.5
2021-06-20,11,0.0,784.5
2021-06-21,41,0.0,784.5
2021-06-22,32,0.0,784.5
2021-06-23,34,0.0,784.5
2021-06-24,31,0.0,784.5
2021-06-25,28,0.0,784.5
2021-06-26,0,0.0,784.5
2021-06-27,12,0.0,784.5
2021-06-28,31,0.0,784.5
2021-06-29,30,0.0,784.5
2021-06-30,41,0.0,784.5
2021-07-01,40,0.0,784.5
2021-07-02,27,0.0,784.5
2021-07-03,0,0.0,784.5
2021-07-04,15,0.0,784.5
2021-07-05,35,0.0,784.5
2021-07-06,41,0.0,784.5
2021-07-07,34,0.0,784.5
2021-07-08,41,0.0,784.5
2021-07-09,23,0.0,784.5
2021-07-10,0,0.0,784.5
2021-07-11,15,0.0,784.5
2021-07-12,39,0.0,784.5
2021-07-13,36,0.0,784.5
2021-07-14,38,0.0,784.5
2021-07-15,29,0.0,784.5
2021-07-16,26,0.0,784.5
2021-07-17,0,0.0,784.5
2021-07-18,9,0.0,784.5
2021-07-19,40,0.0,784.5
2021-07-20,39,0.0,784.5
2021-07-21,39,0.0,784.5
2021-07-22,34,0.0,784.5
2021-07-23,21,0.0,784.5
2021-07-24,0,0.0,784.5
2021-07-25,10,0.0,784.5
2021-07-26,34,0.0,784.5
2021-07-27,31,0.0,784.5
2021-07-28,44,0.0,784.5
2021-07-29,42,0.0,784.5
2021-07-30,28,0.0,784.5
2021-07-31,0,0.0,784.5
2021-08-01,12,0.0,784.5
2021-08-02,38,0.0,784.5
2021-08-03,40,0.0,784.5
2021-08-04,37,0.0,784.5
2021-08-05,41,0.0,784.5
2021-08-06,33,0.0,784.5
2021-08-07,0,0.0,784.5
2021-08-08,11,0.0,784.5
2021-08-09,39,0.0,784.5
2021-08-10,29,0.0,784.5
2021-08-11,34,0.0,784.5
2021-08-12,33,0.0,784.5
2021-08-13,25,0.0,784.5
2021-08-14,0,0.0,784.5
2021-08-15,9,0.0,784.5
2021-08-16,32,0.0,784.5
2021-08-17,36,0.0,784.5
2021-08-18,39,0.0,784.5
2021-08-19,34,0.0,784.5
2021-08-20,20,0.0,784.5
2021-08-21,0,0.0,784.5
2021-08-22,13,0.0,784.5
2021-08-23,33,0.0,784.5
2021-08-24,35,0.0,784.5
2021-08-25,35,0.0,784.5
2021-08-26,39,0.0,784.5
2021-08-27,30,0.0,784.5
2021-08-28,0,0.0,784.5
2021-08-29,8,0.0,784.5
2021-08-30,32,0.0,784.5
2021-08-31,31,0.0,784.5
2021-09-01,30,0.0,784.5
2021-09-02,36,0.0,784.5
2021-09-03,25,0.0,784.5
2021-09-04,0,0.0,784.5
2021-09-05,15,0.0,784.5
2021-09-06,25,0.0,784.5
2021-09-07,32,0.0,784.5
2021-09-08,36,0.0,784.5
2021-09-09,43,0.0,784.5
2021-09-10,19,0.0,784.5
2021-09-11,0,0.0,784.5
2021-09-12,13,0.0,784.5
2021-09-13,38,0.0,784.5
2021-09-14,29,0.0,784.5
2021-09-15,34,0.0,784.5
2021-09-16,37,0.0,784.5
2021-09-17,20,0.0,784.5
2021-09-18,0,0.0,784.5
2021-09-19,8,0.0,784.5
2021-09-20,28,0.0,784.5
2021-09-21,36,0.0,784.5
2021-09-22,34,0.0,784.5
2021-09-23,36,0.0,784.5
2021-09-24,26,0.0,784.5
2021-09-25,0,0.0,784.5
2021-09-26,10,0.0,784.5
2021-09-27,37,0.0,784.5
2021-09-28,27,0.0,784.5
2021-09-29,48,0.0,784.5
2021-09-30,38,0.0,784.5
2021-10-01,25,0.0,784.5
2021-10-02,0,0.0,784.5
2021-10-03,8,0.0,784.5
2021-10-04,31,0.0,784.5
2021-10-05,32,0.0,784.5
2021-10-06,31,0.0,784.5
2021-10-07,39,0.0,784.5
2021-10-08,29,0.0,784.5
2021-10-09,0,0.0,784.5
2021-10-10,8,0.0,784.5
2021-10-11,38,0.0,784.5
2021-10-12,33,0.0,784.5
2021-10-13,40,0.0,784.5
2021-10-14,33,0.0,784.5
2021-10-15,32,0.0,784.5
2021-10-16,0,0.0,784.5
2021-10-17,9,0.0,784.5
2021-10-18,32,0.0,784.5
2021-10-19,43,0.0,784.5
2021-10-20,39,0.0,784.5
2021-10-21,31,0.0,784.5
2021-10-22,25,0.0,784.5
2021-10-23,0,0.0,784.5
2021-10-24,10,0.0,784.5
2021-10-25,33,0.0,784.5
2021-10-26,45,0.0,784.5
2021-10-27,28,0.0,784.5
2021-10-28,37,0.0,784.5
2021-10-29,26,0.0,784.5
2021-10-30,0,0.0,784.5
2021-10-31,10,0.0,784.5
2021-11-01,29,0.0,784.5
2021-11-02,41,0.0,784.5
2021-11-03,35,0.0,784.5
2021-11-04,39,0.0,784.5
2021-11-05,22,0.0,784.5
2021-11-06,0,0.0,784.5
2021-11-07,14,0.0,784.5
2021-11-08,38,0.0,784.5
2021-11-09,39,0.0,784.5
2021-11-10,33,0.0,784.5
2021-11-11,27,0.0,784.5
2021-11-12,27,0.0,784.5
2021-11-13,0,0.0,784.5
2021-11-14,14,0.0,784.5
2021-11-15,38,0.0,784.5
2021-11-16,38,0.0,784.5
2021-11-17,41,0.0,784.5
2021-11-18,36,0.0,784.5
2021-11-19,31,0.0,784.5
2021-11-20,0,0.0,784.5
2021-11-21,10,0.0,784.5
2021-11-22,27,0.0,784.5
2021-11-23,39,0.0,784.5
2021-11-24,44,0.0,784.5
2021-11-25,30,0.0,784.5
2021-11-26,25,0.0,784.5
2021-11-27,0,0.0,784.5
2021-11-28,14,0.0,784.5
2021-11-29,37,0.0,784.5
2021-11-30,37,0.0,784.5
2021-12-01,43,0.0,784.5
2021-12-02,38,0.0,784.5
2021-12-03,29,0.0,784.5
2021-12-04,0,0.0,784.5
2021-12-05,13,0.0,784.5
2021-12-06,47,0.0,784.5
2021-12-07,27,0.0,784.5
2021-12-08,42,0.0,784.5
2021-12-09,35,0.0,784.5
2021-12-10,20,0.0,784.5
2021-12-11,0,0.0,784.5
2021-12-12,8,0.0,784.5
2021-12-13,38,0.0,784.5
2021-12-14,36,0.0,784.5
2021-12-15,33,0.0,784.5
2021-12-16,27,0.0,784.5
2021-12-17,37,0.0,784.5
2021-12-18,0,0.0,784.5
2021-12-19,10,0.0,784.5
2021-12-20,41,0.0,784.5
2021-12-21,32,0.0,784.5
2021-12-22,39,0.0,784.5
2021-12-23,24,0.0,784.5
2021-12-24,0,0.0,784.5
2021-12-25,0,0.0,784.5
2021-12-26,12,0.0,784.5
2021-12-27,34,0.0,784.5
2021-12-28,39,0.0,784.5
2021-12-29,40,0.0,784.5
2021-12-30,34,0.0,784.5
2021-12-31,34,0.0,784.5
2022-01-01,0,0.0,784.5
2022-01-02,14,0.0,784.5
2022-01-03,31,0.0,784.5
2022-01-04,25,0.0,784.5
2022-01-05,37,0.0,784.5
2022-01-06,33,0.0,784.5
2022-01-07,26,0.0,784.5
2022-01-08,0,0.0,784.5
2022-01-09,9,0.0,784.5
2022-01-10,30,0.0,784.5
2022-01-11,37,0.0,784.5
2022-01-12,37,0.0,784.5
2022-01-13,38,0.0,784.5
2022-01-14,23,0.0,784.5
2022-01-15,0,0.0,784.5
2022-01-16,12,0.0,784.5
2022-01-17,30,0.0,784.5
2022-01-18,32,0.0,784.5
2022-01-19,36,0.0,784.5
2022-01-20,40,0.0,784.5
2022-01-21,33,0.0,784.5
2022-01-22,0,0.0,784.5
2022-01-23,13,0.0,784.5
2022-01-24,40,0.0,784.5
2022-01-25,49,0.0,784.5
2022-01-26,47,0.0,784.5
2022-01-27,48,0.0,784.5
2022-01-28,40,0.0,784.5
2022-01-29,0,0.0,784.5
2022-01-30,11,0.0,784.5
2022-01-31,53,0.0,784.5
2022-02-01,46,0.0,784.5
2022-02-02,40,0.0,784.5
2022-02-03,43,0.0,784.5
2022-02-04,29,0.0,784.5
2022-02-05,0,0.0,784.5
2022-02-06,10,0.0,784.5
2022-02-07,47,0.0,784.5
2022-02-08,39,0.0,784.5
2022-02-09,31,0.0,784.5
2022-02-10,37,0.0,784.5
2022-02-11,32,0.0,784.5
2022-02-12,0,0.0,784.5
2022-02-13,11,0.0,784.5
2022-02-14,47,0.0,784.5
2022-02-15,41,0.0,784.5
2022-02-16,47,0.0,784.5
2022-02-17,36,0.0,784.5
2022-02-18,32,0.0,784.5
2022-02-19,0,0.0,784.5
2022-02-20,9,0.0,784.5
2022-02-21,31,0.0,784.5
2022-02-22,41,0.0,784.5
2022-02-23,32,0.0,784.5
2022-02-24,43,0.0,784.5
2022-02-25,27,0.0,784.5
2022-02-26,0,0.0,784.5
2022-02-27,12,0.0,784.5
2022-02-28,41,0.0,784.5
2022-03-01,36,0.0,784.5
2022-03-02,40,0.0,784.5
2022-03-03,33,0.0,784.5
2022-03-04,39,0.0,784.5
2022-03-05,0,0.0,784.5
2022-03-06,11,0.0,784.5
2022-03-07,37,0.0,784.5
2022-03-08,40,0.0,784.5
2022-03-09,43,0.0,784.5
2022-03-10,40,0.0,784.5
2022-03-11,20,0.0,784.5
2022-03-12,0,0.0,784.5
2022-03-13,13,0.0,784.5
2022-03-14,43,0.0,784.5
2022-03-15,38,0.0,784.5
2022-03-16,33,0.0,784.5
2022-03-17,46,0.0,784.5
2022-03-18,30,0.0,784.5
2022-03-19,0,0.0,784.5
2022-03-20,14,0.0,784.5
2022-03-21,37,0.0,784.5
2022-03-22,31,0.0,784.5
2022-03-23,39,0.0,784.5
2022-03-24,45,0.0,784.5
2022-03-25,26,0.0,784.5
2022-03-26,0,0.0,784.5
2022-03-27,9,0.0,784.5
2022-03-28,38,0.0,784.5
2022-03-29,39,0.0,784.5
2022-03-30,33,0.0,784.5
2022-03-31,36,0.0,784.5
2022-04-01,28,0.0,784.5
2022-04-02,0,0.0,784.5
2022-04-03,9,0.0,784.5
2022-04-04,33,0.0,784.5
2022-04-05,31,0.0,784.5
2022-04-06,37,0.0,784.5
2022-04-07,45,0.0,784.5
2022-04-08,24,0.0,784.5
2022-04-09,0,0.0,784.5
2022-04-10,6,0.0,784.5
2022-04-11,34,0.0,784.5
2022-04-12,34,0.0,784.5
2022-04-13,40,0.0,784.5
2022-04-14,26,0.0,784.5
2022-04-15,0,0.0,784.5
2022-04-16,0,0.0,784.5
2022-04-17,7,0.0,784.5
2022-04-18,34,0.0,784.5
2022-04-19,33,0.0,784.5
2022-04-20,32,0.0,784.5
2022-04-21,48,0.0,784.5
2022-04-22,26,0.0,784.5
2022-04-23,0,0.0,784.5
2022-04-24,9,0.0,784.5
2022-04-25,51,0.0,784.5
2022-04-26,40,0.0,784.5
2022-04-27,51,0.0,784.5
2022-04-28,33,0.0,784.5
2022-04-29,27,0.0,784.5
2022-04-30,0,0.0,784.5
2022-05-01,11,0.0,784.5
2022-05-02,45,0.0,784.5
2022-05-03,45,0.0,784.5
2022-05-04,36,0.0,784.5
2022-05-05,38,0.0,784.5
2022-05-06,29,0.0,784.5
2022-05-07,0,0.0,784.5
2022-05-08,7,0.0,784.5
2022-05-09,42,0.0,784.5
2022-05-10,39,0.0,784.5
2022-05-11,38,0.0,784.5
2022-05-12,44,0.0,784.5
2022-05-13,29,0.0,784.5
2022-05-14,0,0.0,784.5
2022-05-15,9,0.0,784.5
2022-05-16,40,0.0,784.5
2022-05-17,31,0.0,784.5
2022-05-18,37,0.0,784.5
2022-05-19,41,0.0,784.5
2022-05-20,27,0.0,784.5
2022-05-21,0,0.0,784.5
2022-05-22,9,0.0,784.5
2022-05-23,41,0.0,784.5
2022-05-24,41,0.0,784.5
2022-05-25,41,0.0,784.5
2022-05-26,35,0.0,784.5
2022-05-27,29,0.0,784.5
2022-05-28,0,0.0,784.5
2022-05-29,8,0.0,784.5
2022-05-30,30,0.0,784.5
2022-05-31,37,0.0,784.5
2022-06-01,36,0.0,784.5
2022-06-02,37,0.0,784.5
2022-06-03,30,0.0,784.5
2022-06-04,0,0.0,784.5
2022-06-05,11,0.0,784.5
2022-06-06,35,0.0,784.5
2022-06-07,34,0.0,784.5
2022-06-08,39,0.0,784.5
2022-06-09,37,0.0,784.5
2022-06-10,30,0.0,784.5
2022-06-11,0,0.0,784.5
2022-06-12,9,0.0,784.5
2022-06-13,35,0.0,784.5
2022-06-14,42,0.0,784.5
2022-06-15,43,0.0,784.5
2022-06-16,36,0.0,784.5
2022-06-17,31,0.0,784.5
2022-06-18,0,0.0,784.5
2022-06-19,9,0.0,784.5
2022-06-20,36,0.0,784.5
2022-06-21,30,0.0,784.5
2022-06-22,32,0.0,784.5
2022-06-23,39,0.0,784.5
2022-06-24,25,0.0,784.5
2022-06-25,0,0.0,784.5
2022-06-26,12,0.0,784.5
2022-06-27,32,0.0,784.5
2022-06-28,34,0.0,784.5
2022-06-29,46,0.0,784.5
2022-06-30,35,0.0,784.5
2022-07-01,36,0.0,784.5
2022-07-02,0,0.0,784.5
2022-07-03,10,0.0,784.5
2022-07-04,26,0.0,784.5
2022-07-05,40,0.0,784.5
2022-07-06,45,0.0,784.5
2022-07-07,34,0.0,784.5
2022-07-08,27,0.0,784.5
2022-07-09,0,0.0,784.5
2022-07-10,9,0.0,784.5
2022-07-11,38,0.0,784.5
2022-07-12,35,0.0,784.5
2022-07-13,39,0.0,784.5
2022-07-14,42,0.0,784.5
2022-07-15,26,0.0,784.5
2022-07-16,0,0.0,784.5
2022-07-17,8,0.0,784.5
2022-07-18,35,0.0,784.5
2022-07-19,35,0.0,784.5
2022-07-20,39,0.0,784.5
2022-07-21,41,0.0,784.5
2022-07-22,30,0.0,784.5
2022-07-23,0,0.0,784.5
2022-07-24,13,0.0,784.5
2022-07-25,33,0.0,784.5
2022-07-26,46,0.0,784.5
2022-07-27,40,0.0,784.5
2022-07-28,30,0.0,784.5
2022-07-29,24,0.0,784.5
2022-07-30,0,0.0,784.5
2022-07-31,12,0.0,784.5
2022-08-01,33,0.0,784.5
2022-08-02,37,0.0,784.5
2022-08-03,37,0.0,784.5
2022-08-04,37,0.0,784.5
2022-08-05,24,0.0,784.5
2022-08-06,0,0.0,784.5
2022-08-07,11,0.0,784.5
2022-08-08,33,0.0,784.5
2022-08-09,42,0.0,784.5
2022-08-10,30,0.0,784.5
2022-08-11,39,0.0,784.5
2022-08-12,27,0.0,784.5
2022-08-13,0,0.0,784.5
2022-08-14,12,0.0,784.5
2022-08-15,35,0.0,784.5
2022-08-16,34,0.0,784.5
2022-08-17,34,0.0,784.5
2022-08-18,29,0.0,784.5
2022-08-19,22,0.0,784.5
2022-08-20,0,0.0,784.5
2022-08-21,11,0.0,784.5
2022-08-22,41,0.0,784.5
2022-08-23,35,0.0,784.5
2022-08-24,34,0.0,784.5
2022-08-25,37,0.0,784.5
2022-08-26,22,0.0,784.5
2022-08-27,0,0.0,784.5
2022-08-28,7,0.0,784.5
2022-08-29,39,0.0,784.5
2022-08-30,41,0.0,784.5
2022-08-31,37,0.0,784.5
2022-09-01,40,0.0,784.5
2022-09-02,26,0.0,784.5
2022-09-03,0,0.0,784.5
2022-09-04,14,0.0,784.5
2022-09-05,24,0.0,784.5
2022-09-06,39,0.0,784.5
2022-09-07,38,0.0,784.5
2022-09-08,34,0.0,784.5
2022-09-09,23,0.0,784.5
2022-09-10,0,0.0,784.5
2022-09-11,9,0.0,784.5
2022-09-12,28,0.0,784.5
2022-09-13,36,0.0,784.5
2022-09-14,36,0.0,784.5
2022-09-15,41,0.0,784.5
2022-09-16,29,0.0,784.5
2022-09-17,0,0.0,784.5
2022-09-18,14,0.0,784.5
2022-09-19,43,0.0,784.5
2022-09-20,30,0.0,784.5
2022-09-21,35,0.0,784.5
2022-09-22,36,0.0,784.5
2022-09-23,20,0.0,784.5
2022-09-24,0,0.0,784.5
2022-09-25,11,0.0,784.5
2022-09-26,38,0.0,784.5
2022-09-27,45,0.0,784.5
2022-09-28,45,0.0,784.5
2022-09-29,27,0.0,784.5
2022-09-30,31,0.0,784.5
2022-10-01,0,0.0,784.5
2022-10-02,9,0.0,784.5
2022-10-03,32,0.0,784.5
2022-10-04,49,0.0,784.5
2022-10-05,29,0.0,784.5
2022-10-06,35,0.0,784.5
2022-10-07,28,0.0,784.5
2022-10-08,0,0.0,784.5
2022-10-09,12,0.0,784.5
2022-10-10,30,0.0,784.5
2022-10-11,45,0.0,784.5
2022-10-12,41,0.0,784.5
2022-10-13,36,0.0,784.5
2022-10-14,24,0.0,784.5
2022-10-15,0,0.0,784.5
2022-10-16,13,0.0,784.5
2022-10-17,30,0.0,784.5
2022-10-18,40,0.0,784.5
2022-10-19,44,0.0,784.5
2022-10-20,37,0.0,784.5
2022-10-21,31,0.0,784.5
2022-10-22,0,0.0,784.5
2022-10-23,9,0.0,784.5
2022-10-24,31,0.0,784.5
2022-10-25,32,0.0,784.5
2022-10-26,35,0.0,784.5
2022-10-27,41,0.0,784.5
2022-10-28,28,0.0,784.5
2022-10-29,0,0.0,784.5
2022-10-30,10,0.0,784.5
2022-10-31,40,0.0,784.5
2022-11-01,36,0.0,784.5
2022-11-02,31,0.0,784.5
2022-11-03,31,0.0,784.5
2022-11-04,24,0.0,784.5
2022-11-05,0,0.0,784.5
2022-11-06,11,0.0,784.5
2022-11-07,39,0.0,784.5
2022-11-08,29,0.0,784.5
2022-11-09,44,0.0,784.5
2022-11-10,34,0.0,784.5
2022-11-11,27,0.0,784.5
2022-11-12,0,0.0,784.5
2022-11-13,8,0.0,784.5
2022-11-14,39,0.0,784.5
2022-11-15,36,0.0,784.5
2022-11-16,43,0.0,784.5
2022-11-17,30,0.0,784.5
2022-11-18,31,0.0,784.5
2022-11-19,0,0.0,784.5
2022-11-20,10,0.0,784.5
2022-11-21,35,0.0,784.5
2022-11-22,34,0.0,784.5
2022-11-23,36,0.0,784.5
2022-11-24,36,0.0,784.5
2022-11-25,19,0.0,784.5
2022-11-26,0,0.0,784.5
2022-11-27,7,0.0,784.5
2022-11-28,36,0.0,784.5
2022-11-29,35,0.0,784.5
2022-11-30,31,0.0,784.5
2022-12-01,38,0.0,784.5
2022-12-02,28,0.0,784.5
2022-12-03,0,0.0,784.5
2022-12-04,15,0.0,784.5
2022-12-05,39,0.0,784.5
2022-12-06,32,0.0,784.5
2022-12-07,48,0.0,784.5
2022-12-08,30,0.0,784.5
2022-12-09,32,0.0,784.5
2022-12-10,0,0.0,784.5
2022-12-11,17,0.0,784.5
2022-12-12,40,0.0,784.5
2022-12-13,36,0.0,784.5
2022-12-14,38,0.0,784.5
2022-12-15,32,0.0,784.5
2022-12-16,24,0.0,784.5
2022-12-17,0,0.0,784.5
2022-12-18,9,0.0,784.5
2022-12-19,39,0.0,784.5
2022-12-20,38,0.0,784.5
2022-12-21,38,0.0,784.5
2022-12-22,31,0.0,784.5
2022-12-23,28,0.0,784.5
2022-12-24,0,0.0,784.5
2022-12-25,0,0.0,784.5
2022-12-26,9,0.0,784.5
2022-12-27,31,0.0,784.5
2022-12-28,36,0.0,784.5
2022-12-29,36,0.0,784.5
2022-12-30,23,0.0,784.5
2022-12-31,0,0.0,784.5
2023-01-01,0,0.0,784.5
2023-01-02,7,0.0,784.5
2023-01-03,36,0.0,784.5
2023-01-04,35,0.0,784.5
2023-01-05,33,0.0,784.5
2023-01-06,26,0.0,784.5
2023-01-07,0,0.0,784.5
2023-01-08,12,0.0,784.5
2023-01-09,37,0.0,784.5
2023-01-10,32,0.0,784.5
2023-01-11,36,0.0,784.5
2023-01-12,37,0.0,784.5
2023-01-13,24,0.0,784.5
2023-01-14,0,0.0,784.5
2023-01-15,11,0.0,784.5
2023-01-16,27,0.0,784.5
2023-01-17,32,0.0,784.5
2023-01-18,38,0.0,784.5
2023-01-19,43,0.0,784.5
2023-01-20,25,0.0,784.5
2023-01-21,0,0.0,784.5
2023-01-22,13,0.0,784.5
2023-01-23,35,0.0,784.5
2023-01-24,40,0.0,784.5
2023-01-25,34,0.0,784.5
2023-01-26,37,0.0,784.5
2023-01-27,23,0.0,784.5
2023-01-28,0,0.0,784.5
2023-01-29,11,0.0,784.5
2023-01-30,32,0.0,784.5
2023-01-31,28,0.0,784.5
2023-02-01,36,0.0,784.5
2023-02-02,34,0.0,784.5
2023-02-03,27,0.0,784.5
2023-02-04,0,0.0,784.5
2023-02-05,12,0.0,784.5
2023-02-06,31,0.0,784.5
2023-02-07,42,0.0,784.5
2023-02-08,38,0.0,784.5
2023-02-09,41,0.0,784.5
2023-02-10,30,0.0,784.5
2023-02-11,0,0.0,784.5
2023-02-12,11,0.0,784.5
2023-02-13,42,0.0,784.5
2023-02-14,39,0.0,784.5
2023-02-15,33,0.0,784.5
2023-02-16,30,0.0,784.5
2023-02-17,26,0.0,784.5
2023-02-18,0,0.0,784.5
2023-02-19,11,0.0,784.5
2023-02-20,33,0.0,784.5
2023-02-21,39,0.0,784.5
2023-02-22,44,0.0,784.5
2023-02-23,32,0.0,784.5
2023-02-24,20,0.0,784.5
2023-02-25,0,0.0,784.5
2023-02-26,14,0.0,784.5
2023-02-27,38,0.0,784.5
2023-02-28,28,0.0,784.5
2023-03-01,38,0.0,784.5
2023-03-02,37,0.0,784.5
2023-03-03,25,0.0,784.5
2023-03-04,0,0.0,784.5
2023-03-05,9,0.0,784.5
2023-03-06,33,0.0,784.5
2023-03-07,43,0.0,784.5
2023-03-08,35,0.0,784.5
2023-03-09,39,0.0,784.5
2023-03-10,30,0.0,784.5
2023-03-11,0,0.0,784.5
2023-03-12,9,0.0,784.5
2023-03-13,51,0.0,784.5
2023-03-14,35,0.0,784.5
2023-03-15,44,0.0,784.5
2023-03-16,44,0.0,784.5
2023-03-17,29,0.0,784.5
2023-03-18,0,0.0,784.5
2023-03-19,10,0.0,784.5
2023-03-20,36,0.0,784.5
2023-03-21,32,0.0,784.5
2023-03-22,35,0.0,784.5
2023-03-23,41,0.0,784.5
2023-03-24,28,0.0,784.5
2023-03-25,0,0.0,784.5
2023-03-26,7,0.0,784.5
2023-03-27,34,0.0,784.5
2023-03-28,28,0.0,784.5
2023-03-29,28,0.0,784.5
2023-03-30,32,0.0,784.5
2023-03-31,20,0.0,784.5
2023-04-01,0,0.0,784.5
2023-04-02,13,0.0,784.5
2023-04-03,36,0.0,784.5
2023-04-04,37,0.0,784.5
2023-04-05,41,0.0,784.5
2023-04-06,28,0.0,784.5
2023-04-07,9,0.0,784.5
2023-04-08,0,0.0,784.5
2023-04-09,12,0.0,784.5
2023-04-10,37,0.0,784.5
2023-04-11,34,0.0,784.5
2023-04-12,42,0.0,784.5
2023-04-13,33,0.0,784.5
2023-04-14,22,0.0,784.5
2023-04-15,0,0.0,784.5
2023-04-16,15,0.0,784.5
2023-04-17,40,0.0,784.5
2023-04-18,41,0.0,784.5
2023-04-19,38,0.0,784.5
2023-04-20,34,0.0,784.5
2023-04-21,25,0.0,784.5
2023-04-22,0,0.0,784.5
2023-04-23,11,0.0,784.5
2023-04-24,31,0.0,784.5
2023-04-25,28,0.0,784.5
2023-04-26,38,0.0,784.5
2023-04-27,37,0.0,784.5
2023-04-28,31,0.0,784.5
2023-04-29,0,0.0,784.5
2023-04-30,15,0.0,784.5
2023-05-01,38,0.0,784.5
2023-05-02,31,0.0,784.5
2023-05-03,49,0.0,784.5
2023-05-04,38,0.0,784.5
2023-05-05,26,0.0,784.5
2023-05-06,0,0.0,784.5
2023-05-07,10,0.0,784.5
2023-05-08,40,0.0,784.5
2023-05-09,39,0.0,784.5
2023-05-10,36,0.0,784.5
2023-05-11,37,0.0,784.5
2023-05-12,24,0.0,784.5
2023-05-13,0,0.0,784.5
2023-05-14,10,0.0,784.5
2023-05-15,37,0.0,784.5
2023-05-16,38,0.0,784.5
2023-05-17,40,0.0,784.5
2023-05-18,29,0.0,784.5
2023-05-19,27,0.0,784.5
2023-05-20,0,0.0,784.5
2023-05-21,7,0.0,784.5
2023-05-22,37,0.0,784.5
2023-05-23,39,0.0,784.5
2023-05-24,36,0.0,784.5
2023-05-25,36,0.0,784.5
2023-05-26,16,0.0,784.5
2023-05-27,0,0.0,784.5
2023-05-28,11,0.0,784.5
2023-05-29,33,0.0,784.5
2023-05-30,39,0.0,784.5
2023-05-31,36,0.0,784.5
2023-06-01,27,0.0,784.5
2023-06-02,31,0.0,784.5
2023-06-03,0,0.0,784.5
2023-06-04,9,0.0,784.5
2023-06-05,40,0.0,784.5
2023-06-06,35,0.0,784.5
2023-06-07,41,0.0,784.5
2023-06-08,37,0.0,784.5
2023-06-09,22,0.0,784.5
2023-06-10,0,0.0,784.5
2023-06-11,7,0.0,784.5
2023-06-12,30,0.0,784.5
2023-06-13,34,0.0,784.5
2023-06-14,38,0.0,784.5
2023-06-15,35,0.0,784.5
2023-06-16,22,0.0,784.5
2023-06-17,0,0.0,784.5
2023-06-18,11,0.0,784.5
2023-06-19,36,0.0,784.5
2023-06-20,35,0.0,784.5
2023-06-21,29,0.0,784.5
2023-06-22,37,0.0,784.5
2023-06-23,25,0.0,784.5
2023-06-24,0,0.0,784.5
2023-06-25,12,0.0,784.5
2023-06-26,44,0.0,784.5
2023-06-27,36,0.0,784.5
2023-06-28,30,0.0,784.5
2023-06-29,41,0.0,784.5
2023-06-30,25,0.0,784.5
2023-07-01,0,0.0,784.5
2023-07-02,12,0.0,784.5
2023-07-03,25,0.0,784.5
2023-07-04,26,0.0,784.5
2023-07-05,28,0.0,784.5
2023-07-06,31,0.0,784.5
2023-07-07,22,0.0,784.5
2023-07-08,0,0.0,784.5
2023-07-09,11,0.0,784.5
2023-07-10,35,0.0,784.5
2023-07-11,29,0.0,784.5
2023-07-12,30,0.0,784.5
2023-07-13,27,0.0,784.5
2023-07-14,29,0.0,784.5
2023-07-15,0,0.0,784.5
2023-07-16,11,0.0,784.5
2023-07-17,34,0.0,784.5
2023-07-18,35,0.0,784.5
2023-07-19,33,0.0,784.5
2023-07-20,32,0.0,784.5
2023-07-21,25,0.0,784.5
2023-07-22,0,0.0,784.5
2023-07-23,12,0.0,784.5
2023-07-24,42,0.0,784.5
2023-07-25,30,0.0,784.5
2023-07-26,36,0.0,784.5
2023-07-27,28,0.0,784.5
2023-07-28,28,0.0,784.5
2023-07-29,0,0.0,784.5
2023-07-30,10,0.0,784.5
2023-07-31,39,0.0,784.5
2023-08-01,36,0.0,784.5
2023-08-02,33,0.0,784.5
2023-08-03,38,0.0,784.5
2023-08-04,25,0.0,784.5
2023-08-05,0,0.0,784.5
2023-08-06,12,0.0,784.5
2023-08-07,44,0.0,784.5
2023-08-08,43,0.0,784.5
2023-08-09,33,0.0,784.5
2023-08-10,35,0.0,784.5
2023-08-11,24,0.0,784.5
2023-08-12,0,0.0,784.5
2023-08-13,15,0.0,784.5
2023-08-14,35,0.0,784.5
2023-08-15,42,0.0,784.5
2023-08-16,27,0.0,784.5
2023-08-17,28,0.0,784.5
2023-08-18,23,0.0,784.5
2023-08-19,0,0.0,784.5
2023-08-20,11,0.0,784.5
2023-08-21,28,0.0,784.5
2023-08-22,34,0.0,784.5
2023-08-23,31,0.0,784.5
2023-08-24,30,0.0,784.5
2023-08-25,28,0.0,784.5
2023-08-26,0,0.0,784.5
2023-08-27,12,0.0,784.5
2023-08-28,35,0.0,784.5
2023-08-29,35,0.0,784.5
2023-08-30,42,0.0,784.5
2023-08-31,31,0.0,784.5
2023-09-01,24,0.0,784.5
2023-09-02,0,0.0,784.5
2023-09-03,13,0.0,784.5
2023-09-04,30,0.0,784.5
2023-09-05,32,0.0,784.5
2023-09-06,35,0.0,784.5
2023-09-07,37,0.0,784.5
2023-09-08,19,0.0,784.5
2023-09-09,0,0.0,784.5
2023-09-10,11,0.0,784.5
2023-09-11,40,0.0,784.5
2023-09-12,35,0.0,784.5
2023-09-13,34,0.0,784.5
2023-09-14,34,0.0,784.5
2023-09-15,26,0.0,784.5
2023-09-16,0,0.0,784.5
2023-09-17,8,0.0,784.5
2023-09-18,44,0.0,784.5
2023-09-19,32,0.0,784.5
2023-09-20,35,0.0,784.5
2023-09-21,35,0.0,784.5
2023-09-22,30,0.0,784.5
2023-09-23,0,0.0,784.5
2023-09-24,8,0.0,784.5
2023-09-25,31,0.0,784.5
2023-09-26,30,0.0,784.5
2023-09-27,29,0.0,784.5
2023-09-28,24,0.0,784.5
2023-09-29,28,0.0,784.5
2023-09-30,0,0.0,784.5
2023-10-01,11,0.0,784.5
2023-10-02,34,0.0,784.5
2023-10-03,29,0.0,784.5
2023-10-04,33,0.0,784.5
2023-10-05,43,0.0,784.5
2023-10-06,24,0.0,784.5
2023-10-07,0,0.0,784.5
2023-10-08,14,0.0,784.5
2023-10-09,30,0.0,784.5
2023-10-10,48,0.0,784.5
2023-10-11,35,0.0,784.5
2023-10-12,50,0.0,784.5
2023-10-13,21,0.0,784.5
2023-10-14,0,0.0,784.5
2023-10-15,8,0.0,784.5
2023-10-16,32,0.0,784.5
2023-10-17,36,0.0,784.5
2023-10-18,40,0.0,784.5
2023-10-19,42,0.0,784.5
2023-10-20,20,0.0,784.5
2023-10-21,0,0.0,784.5
2023-10-22,12,0.0,784.5
2023-10-23,33,0.0,784.5
2023-10-24,42,0.0,784.5
2023-10-25,33,0.0,784.5
2023-10-26,26,0.0,784.5
2023-10-27,29,0.0,784.5
2023-10-28,0,0.0,784.5
2023-10-29,11,0.0,784.5
2023-10-30,41,0.0,784.5
2023-10-31,31,0.0,784.5
2023-11-01,37,0.0,784.5
2023-11-02,42,0.0,784.5
2023-11-03,22,0.0,784.5
2023-11-04,0,0.0,784.5
2023-11-05,12,0.0,784.5
2023-11-06,42,0.0,784.5
2023-11-07,38,0.0,784.5
2023-11-08,32,0.0,784.5
2023-11-09,40,0.0,784.5
2023-11-10,19,0.0,784.5
2023-11-11,0,0.0,784.5
2023-11-12,11,0.0,784.5
2023-11-13,45,0.0,784.5
2023-11-14,29,0.0,784.5
2023-11-15,33,0.0,784.5
2023-11-16,39,0.0,784.5
2023-11-17,26,0.0,784.5
2023-11-18,0,0.0,784.5
2023-11-19,14,0.0,784.5
2023-11-20,33,0.0,784.5
2023-11-21,35,0.0,784.5
2023-11-22,33,0.0,784.5
2023-11-23,34,0.0,784.5
2023-11-24,20,0.0,784.5
2023-11-25,0,0.0,784.5
2023-11-26,7,0.0,784.5
2023-11-27,29,0.0,784.5
2023-11-28,34,0.0,784.5
2023-11-29,37,0.0,784.5
2023-11-30,36,0.0,784.5
2023-12-01,25,0.0,784.5
2023-12-02,0,0.0,784.5
2023-12-03,10,0.0,784.5
2023-12-04,32,0.0,784.5
2023-12-05,36,0.0,784.5
2023-12-06,36,0.0,784.5
2023-12-07,36,0.0,784.5
2023-12-08,18,0.0,784.5
2023-12-09,0,0.0,784.5
2023-12-10,10,0.0,784.5
2023-12-11,31,0.0,784.5
2023-12-12,37,0.0,784.5
2023-12-13,32,0.0,784.5
2023-12-14,38,0.0,784.5
2023-12-15,28,0.0,784.5
2023-12-16,0,0.0,784.5
2023-12-17,8,0.0,784.5
2023-12-18,35,0.0,784.5
2023-12-19,39,0.0,784.5
2023-12-20,34,0.0,784.5
2023-12-21,44,0.0,784.5
2023-12-22,26,0.0,784.5
2023-12-23,0,0.0,784.5
2023-12-24,0,0.0,784.5
2023-12-25,10,0.0,784.5
2023-12-26,29,0.0,784.5
2023-12-27,42,0.0,784.5
2023-12-28,41,0.0,784.5
2023-12-29,28,0.0,784.5
2023-12-30,0,0.0,784.5
2023-12-31,0,0.0,784.5
2024-01-01,8,0.0,784.5
2024-01-02,30,0.0,784.5
2024-01-03,40,0.0,784.5
2024-01-04,35,0.0,784.5
2024-01-05,17,0.0,784.5
2024-01-06,0,0.0,784.5
2024-01-07,7,0.0,784.5
2024-01-08,32,0.0,784.5
2024-01-09,28,0.0,784.5
2024-01-10,35,0.0,784.5
2024-01-11,36,0.0,784.5
2024-01-12,23,0.0,784.5
2024-01-13,0,0.0,784.5
2024-01-14,6,0.0,784.5
2024-01-15,24,0.0,784.5
2024-01-16,26,0.0,784.5
2024-01-17,31,0.0,784.5
2024-01-18,38,0.0,784.5
2024-01-19,21,0.0,784.5
2024-01-20,0,0.0,784.5
2024-01-21,13,0.0,784.5
2024-01-22,35,0.0,784.5
2024-01-23,36,0.0,784.5
2024-01-24,36,0.0,784.5
2024-01-25,32,0.0,784.5
2024-01-26,26,0.0,784.5
2024-01-27,0,0.0,784.5
2024-01-28,12,0.0,784.5
2024-01-29,46,0.0,784.5
2024-01-30,32,0.0,784.5
2024-01-31,37,0.0,784.5
2024-02-01,31,0.0,784.5
2024-02-02,23,0.0,784.5
2024-02-03,0,0.0,784.5
2024-02-04,11,0.0,784.5
2024-02-05,34,0.0,784.5
2024-02-06,37,0.0,784.5
2024-02-07,44,0.0,784.5
2024-02-08,36,0.0,784.5
2024-02-09,21,0.0,784.5
2024-02-10,0,0.0,784.5
2024-02-11,12,0.0,784.5
2024-02-12,37,0.0,784.5
2024-02-13,33,0.0,784.5
2024-02-14,31,0.0,784.5
2024-02-15,34,0.0,784.5
2024-02-16,19,0.0,784.5
2024-02-17,0,0.0,784.5
2024-02-18,13,0.0,784.5
2024-02-19,32,0.0,784.5
2024-02-20,42,0.0,784.5
2024-02-21,42,0.0,784.5
2024-02-22,29,0.0,784.5
2024-02-23,24,0.0,784.5
2024-02-24,0,0.0,784.5
2024-02-25,9,0.0,784.5
2024-02-26,32,0.0,784.5
2024-02-27,26,0.0,784.5
2024-02-28,35,0.0,784.5
2024-02-29,34,0.0,784.5
2024-03-01,20,0.0,784.5
2024-03-02,0,0.0,784.5
2024-03-03,13,0.0,784.5
2024-03-04,45,0.0,784.5
2024-03-05,31,0.0,784.5
2024-03-06,33,0.0,784.5
2024-03-07,36,0.0,784.5
2024-03-08,22,0.0,784.5
2024-03-09,0,0.0,784.5
2024-03-10,9,0.0,784.5
2024-03-11,36,0.0,784.5
2024-03-12,31,0.0,784.5
2024-03-13,38,0.0,784.5
2024-03-14,35,0.0,784.5
2024-03-15,23,0.0,784.5
2024-03-16,0,0.0,784.5
2024-03-17,9,0.0,784.5
2024-03-18,35,0.0,784.5
2024-03-19,35,0.0,784.5
2024-03-20,34,0.0,784.5
2024-03-21,35,0.0,784.5
2024-03-22,26,0.0,784.5
2024-03-23,0,0.0,784.5
2024-03-24,11,0.0,784.5
2024-03-25,33,0.0,784.5
2024-03-26,30,0.0,784.5
2024-03-27,39,0.0,784.5
2024-03-28,22,0.0,784.5
2024-03-29,0,0.0,784.5
2024-03-30,0,0.0,784.5
2024-03-31,4,0.0,784.5
2024-04-01,41,0.0,784.5
2024-04-02,40,0.0,784.5
2024-04-03,42,0.0,784.5
2024-04-04,34,0.0,784.5
2024-04-05,38,0.0,784.5
2024-04-06,0,0.0,784.5
2024-04-07,12,0.0,784.5
2024-04-08,35,0.0,784.5
2024-04-09,37,0.0,784.5
2024-04-10,49,0.0,784.5
2024-04-11,35,0.0,784.5
2024-04-12,19,0.0,784.5
2024-04-13,0,0.0,784.5
2024-04-14,11,0.0,784.5
2024-04-15,38,0.0,784.5
2024-04-16,43,0.0,784.5
2024-04-17,37,0.0,784.5
2024-04-18,33,0.0,784.5
2024-04-19,23,0.0,784.5
2024-04-20,0,0.0,784.5
2024-04-21,9,0.0,784.5
2024-04-22,30,0.0,784.5
2024-04-23,34,0.0,784.5
2024-04-24,38,0.0,784.5
2024-04-25,36,0.0,784.5
2024-04-26,21,0.0,784.5
2024-04-27,0,0.0,784.5
2024-04-28,10,0.0,784.5
2024-04-29,37,0.0,784.5
2024-04-30,39,0.0,784.5
2024-05-01,32,0.0,784.5
2024-05-02,30,0.0,784.5
2024-05-03,27,0.0,784.5
2024-05-04,0,0.0,784.5
2024-05-05,7,0.0,784.5
2024-05-06,37,0.0,784.5
2024-05-07,36,0.0,784.5
2024-05-08,31,0.0,784.5
2024-05-09,29,0.0,784.5
2024-05-10,23,0.0,784.5
2024-05-11,0,0.0,784.5
2024-05-12,13,0.0,784.5
2024-05-13,39,0.0,784.5
2024-05-14,33,0.0,784.5
2024-05-15,34,0.0,784.5
2024-05-16,34,0.0,784.5
2024-05-17,20,0.0,784.5
2024-05-18,0,0.0,784.5
2024-05-19,11,0.0,784.5
2024-05-20,36,0.0,784.5
2024-05-21,30,0.0,784.5
2024-05-22,25,0.0,784.5
2024-05-23,25,0.0,784.5
2024-05-24,27,0.0,784.5
2024-05-25,0,0.0,784.5
2024-05-26,6,0.0,784.5
2024-05-27,27,0.0,784.5
2024-05-28,39,0.0,784.5
2024-05-29,28,0.0,784.5
2024-05-30,32,0.0,784.5
2024-05-31,19,0.0,784.5
2024-06-01,0,0.0,784.5
2024-06-02,12,0.0,784.5
2024-06-03,39,0.0,784.5
2024-06-04,30,0.0,784.5
2024-06-05,32,0.0,784.5
2024-06-06,42,0.0,784.5
2024-06-07,27,0.0,784.5
2024-06-08,0,0.0,784.5
2024-06-09,9,0.0,784.5
2024-06-10,38,0.0,784.5
2024-06-11,29,0.0,784.5
2024-06-12,36,0.0,784.5
2024-06-13,37,0.0,784.5
2024-06-14,27,0.0,784.5
2024-06-15,0,0.0,784.5
2024-06-16,12,0.0,784.5
2024-06-17,32,0.0,784.5
2024-06-18,33,0.0,784.5
2024-06-19,29,0.0,784.5
2024-06-20,31,0.0,784.5
2024-06-21,23,0.0,784.5
2024-06-22,0,0.0,784.5
2024-06-23,13,0.0,784.5
2024-06-24,42,0.0,784.5
2024-06-25,34,0.0,784.5
2024-06-26,33,0.0,784.5
2024-06-27,33,0.0,784.5
2024-06-28,29,0.0,784.5
2024-06-29,0,0.0,784.5
2024-06-30,12,0.0,784.5
2024-07-01,37,0.0,784.5
2024-07-02,27,0.0,784.5
2024-07-03,34,0.0,784.5
2024-07-04,35,0.0,784.5
2024-07-05,25,0.0,784.5
2024-07-06,0,0.0,784.5
2024-07-07,12,0.0,784.5
2024-07-08,33,0.0,784.5
2024-07-09,40,0.0,784.5
2024-07-10,34,0.0,784.5
2024-07-11,36,0.0,784.5
2024-07-12,24,0.0,784.5
2024-07-13,0,0.0,784.5
2024-07-14,14,0.0,784.5
2024-07-15,37,0.0,784.5
2024-07-16,35,0.0,784.5
2024-07-17,35,0.0,784.5
2024-07-18,39,0.0,784.5
2024-07-19,31,0.0,784.5
2024-07-20,0,0.0,784.5
2024-07-21,9,0.0,784.5
2024-07-22,32,0.0,784.5
2024-07-23,36,0.0,784.5
2024-07-24,29,0.0,784.5
2024-07-25,40,0.0,784.5
2024-07-26,33,0.0,784.5
2024-07-27,0,0.0,784.5
2024-07-28,14,0.0,784.5
2024-07-29,34,0.0,784.5
2024-07-30,40,0.0,784.5
2024-07-31,34,0.0,784.5
2024-08-01,40,0.0,784.5
2024-08-02,47,0.0,784.5
2024-08-03,0,0.0,784.5
2024-08-04,10,0.0,784.5
2024-08-05,48,0.0,784.5
2024-08-06,47,0.0,784.5
2024-08-07,45,0.0,784.5
2024-08-08,37,0.0,784.5
2024-08-09,30,0.0,784.5
2024-08-10,0,0.0,784.5
2024-08-11,17,0.0,784.5
2024-08-12,47,0.0,784.5
2024-08-13,37,0.0,784.5
2024-08-14,41,0.0,784.5
2024-08-15,35,0.0,784.5
2024-08-16,25,0.0,784.5
2024-08-17,0,0.0,784.5
2024-08-18,11,0.0,784.5
2024-08-19,39,0.0,784.5
2024-08-20,40,0.0,784.5
2024-08-21,36,0.0,784.5
2024-08-22,38,0.0,784.5
2024-08-23,27,0.0,784.5
2024-08-24,0,0.0,784.5
2024-08-25,6,0.0,784.5
2024-08-26,31,0.0,784.5
2024-08-27,33,0.0,784.5
2024-08-28,34,0.0,784.5
2024-08-29,43,0.0,784.5
2024-08-30,30,0.0,784.5
2024-08-31,0,0.0,784.5
2024-09-01,8,0.0,784.5
2024-09-02,27,0.0,784.5
2024-09-03,35,0.0,784.5
2024-09-04,43,0.0,784.5
2024-09-05,42,0.0,784.5
2024-09-06,30,0.0,784.5
2024-09-07,0,0.0,784.5
2024-09-08,8,0.0,784.5
2024-09-09,31,0.0,784.5
2024-09-10,33,0.0,784.5
2024-09-11,41,0.0,784.5
2024-09-12,42,0.0,784.5
2024-09-13,26,0.0,784.5
2024-09-14,0,0.0,784.5
2024-09-15,12,0.0,784.5
2024-09-16,32,0.0,784.5
2024-09-17,46,0.0,784.5
2024-09-18,38,0.0,784.5
2024-09-19,38,0.0,784.5
2024-09-20,25,0.0,784.5
2024-09-21,0,0.0,784.5
2024-09-22,11,0.0,784.5
2024-09-23,40,0.0,784.5
2024-09-24,32,0.0,784.5
2024-09-25,35,0.0,784.5
2024-09-26,41,0.0,784.5
2024-09-27,20,0.0,784.5
2024-09-28,0,0.0,784.5
2024-09-29,3,0.0,784.5
2024-09-30,31,0.0,784.5
2024-10-01,34,0.0,784.5
2024-10-02,43,0.0,784.5
2024-10-03,35,0.0,784.5
2024-10-04,23,0.0,784.5
2024-10-05,0,0.0,784.5
2024-10-06,9,0.0,784.5
2024-10-07,38,0.0,784.5
2024-10-08,37,0.0,784.5
2024-10-09,38,0.0,784.5
2024-10-10,37,0.0,784.5
2024-10-11,24,0.0,784.5
2024-10-12,0,0.0,784.5
2024-10-13,11,0.0,784.5
2024-10-14,32,0.0,784.5
2024-10-15,37,0.0,784.5
2024-10-16,34,0.0,784.5
2024-10-17,32,0.0,784.5
2024-10-18,31,0.0,784.5
2024-10-19,0,0.0,784.5
2024-10-20,8,0.0,784.5
2024-10-21,30,0.0,784.5
2024-10-22,41,0.0,784.5
2024-10-23,28,0.0,784.5
