entry_time,side,entry_fill_price,sl_price,tp_price,net_pnl_dollars,cumulative_net_pnl_dollars
2019-01-01 22:25:00,short,6281.75,6301.75,6221.75,7440.0,7440.0
2019-01-02 07:50:00,short,6192.25,6212.25,6132.25,-2840.0,4600.0
2019-01-03 01:21:00,long,6216.5,6196.5,6276.5,-2720.0,1880.0
2019-01-06 18:41:00,long,6484.5,6464.5,6544.5,-2560.0,-680.0
2019-01-11 15:00:00,long,6613.0,6593.0,6673.0,-2440.0,-3120.0
2019-01-15 13:52:00,short,6653.5,6673.5,6593.5,-2320.0,-5440.0
2019-01-16 17:52:00,long,6669.25,6649.25,6729.25,-2200.0,-7640.0
2019-01-20 20:01:00,long,6773.5,6753.5,6833.5,-2080.0,-9720.0
2019-01-22 07:44:00,short,6743.0,6763.0,6683.0,6000.0,-3720.0
2019-01-23 19:32:00,long,6684.25,6664.25,6744.25,-2280.0,-6000.0
2019-01-24 19:34:00,short,6687.5,6707.5,6627.5,-2200.0,-8200.0
2019-01-28 09:41:00,long,6686.5,6666.5,6746.5,-2080.0,-10280.0
2019-01-29 09:31:00,short,6683.0,6703.0,6623.0,5880.0,-4400.0
2019-01-30 03:53:00,long,6690.0,6670.0,6750.0,-57.0,-4457.0
2019-02-01 09:33:00,long,6914.0,6894.0,6974.0,-2240.0,-6697.0
2019-02-06 03:54:00,short,6994.5,7014.5,6934.5,-2160.0,-8857.0
2019-02-07 06:34:00,long,6956.0,6936.0,7016.0,-2040.0,-10897.0
2019-02-07 08:58:00,short,6929.0,6949.0,6869.0,-1920.0,-12817.0
2019-02-15 01:57:00,short,6980.5,7000.5,6920.5,-1840.0,-14657.0
2019-02-15 11:35:00,long,7042.75,7022.75,7102.75,5280.0,-9377.0
2019-02-26 08:34:00,long,7100.5,7080.5,7160.5,-2000.0,-11377.0
2019-02-28 05:00:00,long,7090.0,7070.0,7150.0,5760.0,-5617.0
2019-03-07 10:53:00,long,7069.5,7049.5,7129.5,-2200.0,-7817.0
2019-03-11 18:21:00,long,7218.0,7198.0,7278.0,-2080.0,-9897.0
2019-03-13 14:29:00,short,7297.75,7317.75,7237.75,-500.0,-10397.0
2019-03-13 17:40:00,long,7306.25,7286.25,7366.25,-1960.0,-12357.0
2019-03-20 17:02:00,short,7403.5,7423.5,7343.5,-1880.0,-14237.0
2019-03-24 17:01:00,long,7386.0,7366.0,7446.0,-1760.0,-15997.0
2019-03-25 00:18:00,long,7318.25,7298.25,7378.25,-1680.0,-17677.0
2019-03-28 01:57:00,long,7320.0,7300.0,7380.0,4800.0,-12877.0
2019-03-31 17:45:00,long,7451.0,7431.0,7511.0,5520.0,-7357.0
2019-04-04 23:07:00,long,7572.25,7552.25,7632.25,6360.0,-997.0
2019-04-11 11:06:00,short,7621.25,7641.25,7561.25,-640.5,-1637.5
2019-04-12 11:37:00,long,7637.5,7617.5,7697.5,-2400.0,-4037.5
2019-04-15 11:58:00,long,7623.25,7603.25,7683.25,3249.0,-788.5
2019-04-17 20:35:00,short,7683.75,7703.75,7623.75,-2440.0,-3228.5
2019-04-24 09:32:00,long,7829.75,7809.75,7889.75,-2320.0,-5548.5
2019-04-25 11:01:00,long,7852.25,7832.25,7912.25,-2200.0,-7748.5
2019-04-26 13:51:00,long,7817.0,7797.0,7877.0,-1144.0,-8892.5
2019-05-05 17:01:00,short,7750.25,7770.25,7690.25,6120.0,-2772.5
2019-05-08 06:27:00,short,7621.75,7641.75,7561.75,-2360.0,-5132.5
2019-05-08 17:01:00,short,7635.75,7655.75,7575.75,6720.0,1587.5
2019-05-10 03:28:00,short,7577.75,7597.75,7517.75,-2560.0,-972.5
2019-05-10 15:52:00,long,7612.0,7592.0,7672.0,-2440.0,-3412.5
2019-05-13 08:31:00,long,7424.5,7404.5,7484.5,-2320.0,-5732.5
2019-05-23 07:58:00,long,7346.75,7326.75,7406.75,-2200.0,-7932.5
2019-05-24 11:52:00,long,7340.25,7320.25,7400.25,-2080.0,-10012.5
2019-05-27 11:41:00,long,7314.75,7294.75,7374.75,-1960.0,-11972.5
2019-05-29 17:02:00,short,7216.0,7236.0,7156.0,-1880.0,-13852.5
2019-05-31 12:53:00,long,7169.25,7149.25,7229.25,-1800.0,-15652.5
2019-06-05 07:43:00,short,7218.25,7238.25,7158.25,-1680.0,-17332.5
2019-06-05 10:50:00,long,7197.0,7177.0,7257.0,4800.0,-12532.5
2019-06-06 03:08:00,long,7248.0,7228.0,7308.0,-1840.0,-14372.5
2019-06-06 10:46:00,long,7242.75,7222.75,7302.75,5280.0,-9092.5
2019-06-17 01:25:00,short,7531.75,7551.75,7471.75,-2040.0,-11132.5
2019-06-25 13:59:00,short,7627.5,7647.5,7567.5,-1920.0,-13052.5
2019-07-05 07:31:00,short,7858.25,7878.25,7798.25,-1840.0,-14892.5
2019-07-05 07:33:00,short,7861.5,7881.5,7801.5,5160.0,-9732.5
2019-07-05 15:56:00,short,7854.5,7874.5,7794.5,6000.0,-3732.5
2019-07-10 13:04:00,long,7931.25,7911.25,7991.25,-2280.0,-6012.5
2019-07-10 18:38:00,short,7926.75,7946.75,7866.75,-2160.0,-8172.5
2019-07-11 00:01:00,long,7961.0,7941.0,8021.0,-2080.0,-10252.5
2019-07-11 10:43:00,long,7948.0,7928.0,8008.0,-1960.0,-12212.5
2019-07-12 07:32:00,long,7938.5,7918.5,7998.5,5640.0,-6572.5
2019-07-16 12:31:00,long,7959.5,7939.5,8019.5,-2160.0,-8732.5
2019-07-22 17:01:00,long,7930.5,7910.5,7990.5,-2040.0,-10772.5
2019-07-25 06:22:00,long,8011.0,7991.0,8071.0,-1960.0,-12732.5
2019-07-25 10:43:00,short,7964.75,7984.75,7904.75,897.0,-11835.5
2019-07-25 15:49:00,long,7978.75,7958.75,8038.75,1081.0,-10754.5
2019-07-31 01:45:00,short,7984.75,8004.75,7924.75,-637.0,-11391.5
2019-07-31 18:36:00,long,7845.0,7825.0,7905.0,5760.0,-5631.5
2019-08-05 02:52:00,short,7596.75,7616.75,7536.75,6600.0,968.5
2019-08-06 04:02:00,long,7467.5,7447.5,7527.5,7560.0,8528.5
2019-08-09 15:32:00,short,7660.5,7680.5,7600.5,-2920.0,5608.5
2019-08-13 14:42:00,short,7739.25,7759.25,7679.25,-2760.0,2848.5
2019-08-14 23:31:00,short,7499.25,7519.25,7439.25,-2640.0,208.5
2019-08-15 00:39:00,long,7520.5,7500.5,7580.5,-2480.0,-2271.5
2019-08-19 20:10:00,short,7706.75,7726.75,7646.75,-2360.0,-4631.5
2019-08-20 17:53:00,long,7669.5,7649.5,7729.5,6720.0,2088.5
2019-08-27 00:33:00,short,7582.5,7602.5,7522.5,-2600.0,-511.5
2019-08-28 10:03:00,long,7566.0,7546.0,7626.0,7320.0,6808.5
2019-09-03 09:31:00,short,7622.0,7642.0,7562.0,-2840.0,3968.5
2019-09-04 03:05:00,long,7724.0,7704.0,7784.0,-2680.0,1288.5
2019-09-04 12:19:00,long,7713.75,7693.75,7773.75,7680.0,8968.5
2019-09-05 06:24:00,short,7812.25,7832.25,7752.25,-401.5,8567.0
2019-09-05 14:41:00,long,7868.25,7848.25,7928.25,-2920.0,5647.0
2019-09-09 04:25:00,long,7871.75,7851.75,7931.75,-2760.0,2887.0
2019-09-11 03:08:00,long,7828.75,7808.75,7888.75,-2640.0,247.0
2019-09-11 19:06:00,long,7947.0,7927.0,8007.0,-2480.0,-2233.0
2019-09-12 09:37:00,long,7957.0,7937.0,8017.0,-2360.0,-4593.0
2019-09-27 08:24:00,long,7804.0,7784.0,7864.0,-2240.0,-6833.0
2019-09-30 01:45:00,long,7739.0,7719.0,7799.0,-2120.0,-8953.0
2019-09-30 18:15:00,short,7780.25,7800.25,7720.25,-2040.0,-10993.0
2019-10-01 09:02:00,long,7823.5,7803.5,7883.5,-1920.0,-12913.0
2019-10-03 03:41:00,long,7581.0,7561.0,7641.0,-1840.0,-14753.0
2019-10-03 08:32:00,long,7562.5,7542.5,7622.5,-1760.0,-16513.0
2019-10-03 18:16:00,short,7650.0,7670.0,7590.0,-1640.0,-18153.0
2019-10-04 09:52:00,short,7707.0,7727.0,7647.0,-1560.0,-19713.0
2019-10-08 23:01:00,short,7637.75,7657.75,7577.75,-1480.0,-21193.0
2019-10-10 19:31:00,short,7770.5,7790.5,7710.5,-1440.0,-22633.0
2019-10-15 04:12:00,short,7894.0,7914.0,7834.0,-1360.0,-23993.0
2019-10-16 14:02:00,long,7931.0,7911.0,7991.0,3840.0,-20153.0
2019-10-20 17:01:00,short,7873.25,7893.25,7813.25,-1480.0,-21633.0
2019-10-21 00:31:00,short,7899.5,7919.5,7839.5,-1400.0,-23033.0
2019-10-23 07:54:00,long,7861.0,7841.0,7921.0,3960.0,-19073.0
2019-10-25 03:03:00,short,7936.25,7956.25,7876.25,-1520.0,-20593.0
2019-10-28 04:41:00,short,8056.5,8076.5,7996.5,-1440.0,-22033.0
2019-10-28 08:53:00,long,8085.75,8065.75,8145.75,-1360.0,-23393.0
2019-11-10 18:32:00,short,8250.0,8270.0,8190.0,1188.0,-22205.0
2019-11-11 12:57:00,long,8248.75,8228.75,8308.75,-1360.0,-23565.0
2019-11-14 01:52:00,long,8258.0,8238.0,8318.0,-1320.0,-24885.0
2019-11-17 17:23:00,short,8315.75,8335.75,8255.75,-1240.0,-26125.0
2019-11-18 05:18:00,short,8334.5,8354.5,8274.5,-1160.0,-27285.0
2019-11-21 07:33:00,long,8300.5,8280.5,8360.5,-1120.0,-28405.0
2019-11-21 20:17:00,long,8297.5,8277.5,8357.5,-1040.0,-29445.0
2019-11-24 21:09:00,short,8310.0,8330.0,8250.0,-1000.0,-30445.0
2019-12-01 17:22:00,long,8423.5,8403.5,8483.5,-960.0,-31405.0
2019-12-02 17:02:00,short,8313.75,8333.75,8253.75,-920.0,-32325.0
2019-12-03 02:02:00,short,8323.75,8343.75,8263.75,2640.0,-29685.0
2019-12-04 18:06:00,short,8294.5,8314.5,8234.5,-1000.0,-30685.0
2019-12-05 08:31:00,short,8312.25,8332.25,8252.25,24.0,-30661.0
2019-12-05 18:23:00,long,8318.25,8298.25,8378.25,2880.0,-27781.0
2019-12-10 07:59:00,long,8369.75,8349.75,8429.75,-1080.0,-28861.0
2019-12-11 02:42:00,long,8379.25,8359.25,8439.25,-1040.0,-29901.0
2019-12-11 17:03:00,long,8406.75,8386.75,8466.75,-1000.0,-30901.0
2019-12-12 12:01:00,long,8432.5,8412.5,8492.5,2760.0,-28141.0
2019-12-13 06:42:00,short,8525.25,8545.25,8465.25,3240.0,-24901.0
2019-12-16 00:37:00,long,8547.5,8527.5,8607.5,3720.0,-21181.0
2019-12-17 18:09:00,short,8603.25,8623.25,8543.25,54.0,-21127.0
2019-12-18 08:50:00,long,8618.5,8598.5,8678.5,4320.0,-16807.0
2019-12-19 17:02:00,long,8677.25,8657.25,8737.25,3608.0,-13199.0
2019-12-23 13:04:00,short,8729.25,8749.25,8669.25,-1840.0,-15039.0
2019-12-26 15:48:00,long,8800.5,8780.5,8860.5,2042.5,-12996.5
2019-12-29 18:03:00,long,8798.5,8778.5,8858.5,-1840.0,-14836.5
2020-01-02 03:34:00,long,8812.25,8792.25,8872.25,5160.0,-9676.5
2020-01-05 17:01:00,short,8761.0,8781.0,8701.0,-2000.0,-11676.5
2020-01-09 18:01:00,long,9016.5,8996.5,9076.5,-1880.0,-13556.5
2020-01-13 07:34:00,long,9021.0,9001.0,9081.0,5400.0,-8156.5
2020-01-16 08:33:00,long,9101.5,9081.5,9161.5,-2080.0,-10236.5
2020-01-22 04:45:00,long,9226.25,9206.25,9286.25,-1960.0,-12196.5
2020-01-28 08:32:00,short,9026.75,9046.75,8966.75,-1880.0,-14076.5
2020-02-04 14:02:00,long,9349.0,9329.0,9409.0,-1760.0,-15836.5
2020-02-06 22:29:00,short,9441.0,9461.0,9381.0,-1680.0,-17516.5
2020-02-09 17:03:00,short,9407.0,9427.0,9347.0,4800.0,-12716.5
2020-02-11 07:32:00,short,9563.0,9583.0,9503.0,-1840.0,-14556.5
2020-02-12 07:32:00,long,9574.25,9554.25,9634.25,-1760.0,-16316.5
2020-02-14 06:26:00,long,9641.5,9621.5,9701.5,-1680.0,-17996.5
2020-02-16 17:01:00,long,9650.25,9630.25,9710.25,660.0,-17336.5
2020-02-17 17:34:00,short,9592.75,9612.75,9532.75,2000.0,-15336.5
2020-02-18 08:32:00,long,9596.25,9576.25,9656.25,5160.0,-10176.5
2020-02-18 19:35:00,short,9654.25,9674.25,9594.25,-1960.0,-12136.5
2020-02-21 05:27:00,short,9576.25,9596.25,9516.25,-1880.0,-14016.5
2020-02-26 12:28:00,short,8927.5,8947.5,8867.5,5280.0,-8736.5
2020-03-02 20:07:00,short,8835.5,8855.5,8775.5,-2040.0,-10776.5
2020-03-04 14:48:00,long,8875.0,8855.0,8935.0,5880.0,-4896.5
2020-03-05 07:46:00,short,8709.25,8729.25,8649.25,-2240.0,-7136.5
2020-03-05 21:24:00,short,8569.25,8589.25,8509.25,-2120.0,-9256.5
2020-03-05 22:14:00,short,8557.5,8577.5,8497.5,-2000.0,-11256.5
2020-03-08 22:57:00,short,8093.25,8113.25,8033.25,-1920.0,-13176.5
2020-03-10 08:57:00,short,8195.5,8215.5,8135.5,-1840.0,-15016.5
2020-03-12 07:30:00,short,7601.5,7621.5,7541.5,5160.0,-9856.5
2020-03-16 10:36:00,long,7457.0,7437.0,7517.0,-2000.0,-11856.5
2020-03-16 11:37:00,short,7423.25,7443.25,7363.25,5640.0,-6216.5
2020-03-17 07:33:00,long,7148.0,7128.0,7208.0,-2160.0,-8376.5
2020-03-18 08:32:00,long,7101.5,7081.5,7161.5,-2080.0,-10456.5
2020-03-20 03:26:00,long,7629.0,7609.0,7689.0,-1960.0,-12416.5
2020-03-22 18:38:00,short,6631.75,6651.75,6571.75,-1840.0,-14256.5
2020-03-23 00:35:00,short,6713.75,6733.75,6653.75,-1760.0,-16016.5
2020-04-07 15:52:00,short,8011.75,8031.75,7951.75,-1680.0,-17696.5
2020-04-14 07:12:00,long,8461.25,8441.25,8521.25,4800.0,-12896.5
2020-04-15 18:53:00,long,8533.25,8513.25,8593.25,-1840.0,-14736.5
2020-04-16 05:49:00,long,8670.0,8650.0,8730.0,-660.0,-15396.5
2020-04-19 17:01:00,short,8780.75,8800.75,8720.75,-1720.0,-17116.5
2020-04-21 21:39:00,long,8446.0,8426.0,8506.0,-1640.0,-18756.5
2020-04-23 22:37:00,short,8542.0,8562.0,8482.0,-1560.0,-20316.5
2020-04-26 17:01:00,long,8795.5,8775.5,8855.5,-1480.0,-21796.5
2020-04-26 21:29:00,long,8812.5,8792.5,8872.5,4200.0,-17596.5
2020-04-30 02:44:00,short,9076.5,9096.5,9016.5,-1600.0,-19196.5
2020-05-03 23:51:00,short,8642.75,8662.75,8582.75,-1520.0,-20716.5
2020-05-04 11:01:00,long,8769.0,8749.0,8829.0,-1440.0,-22156.5
2020-05-04 20:31:00,long,8847.0,8827.0,8907.0,4080.0,-18076.5
2020-05-06 10:08:00,long,9020.5,9000.5,9080.5,-1560.0,-19636.5
2020-05-06 13:00:00,long,9041.5,9021.5,9101.5,-1480.0,-21116.5
2020-05-11 10:53:00,long,9256.0,9236.0,9316.0,4320.0,-16796.5
2020-05-13 23:27:00,long,9010.25,8990.25,9070.25,-1640.0,-18436.5
2020-05-14 17:56:00,short,9079.0,9099.0,9019.0,-1560.0,-19996.5
2020-05-18 22:24:00,short,9304.5,9324.5,9244.5,-1480.0,-21476.5
2020-05-19 13:27:00,long,9405.0,9385.0,9465.0,-1400.0,-22876.5
2020-05-20 06:40:00,short,9395.25,9415.25,9335.25,-1320.0,-24196.5
2020-05-20 22:10:00,long,9442.25,9422.25,9502.25,-1280.0,-25476.5
2020-05-21 11:01:00,long,9408.75,9388.75,9468.75,-1200.0,-26676.5
2020-05-24 18:10:00,long,9445.5,9425.5,9505.5,-1160.0,-27836.5
2020-05-26 22:59:00,long,9482.25,9462.25,9542.25,-1080.0,-28916.5
2020-05-27 06:01:00,short,9473.25,9493.25,9413.25,3120.0,-25796.5
2020-05-28 04:31:00,long,9413.75,9393.75,9473.75,-1200.0,-26996.5
2020-05-28 11:30:00,long,9516.75,9496.75,9576.75,-1120.0,-28116.5
2020-05-28 21:09:00,long,9426.25,9406.25,9486.25,-1080.0,-29196.5
2020-06-03 08:33:00,long,9663.5,9643.5,9723.5,-1040.0,-30236.5
2020-06-03 17:33:00,short,9676.0,9696.0,9616.0,-960.0,-31196.5
2020-06-07 23:15:00,short,9841.5,9861.5,9781.5,2760.0,-28436.5
2020-06-08 09:26:00,short,9768.75,9788.75,9708.75,-1040.0,-29476.5
2020-06-09 04:48:00,long,9832.75,9812.75,9892.75,-1000.0,-30476.5
2020-06-11 04:10:00,short,9940.0,9960.0,9880.0,-960.0,-31436.5
2020-06-16 11:57:00,long,9952.25,9932.25,10012.25,-920.0,-32356.5
2020-06-17 18:01:00,long,9991.75,9971.75,10051.75,-880.0,-33236.5
2020-06-18 00:12:00,long,9953.5,9933.5,10013.5,-800.0,-34036.5
2020-06-18 15:31:00,long,9987.25,9967.25,10047.25,2280.0,-31756.5
2020-06-25 17:02:00,long,10092.0,10072.0,10152.0,99.0,-31657.5
2020-06-26 08:32:00,short,10062.75,10082.75,10002.75,2640.0,-29017.5
2020-06-29 17:02:00,long,9980.25,9960.25,10040.25,-1040.0,-30057.5
2020-07-03 03:36:00,short,10371.25,10391.25,10311.25,2880.0,-27177.5
2020-07-05 17:56:00,long,10390.5,10370.5,10450.5,3360.0,-23817.5
2020-07-06 13:52:00,long,10549.0,10529.0,10609.0,-1280.0,-25097.5
2020-07-07 09:36:00,long,10648.0,10628.0,10708.0,-1240.0,-26337.5
2020-07-07 19:40:00,long,10560.25,10540.25,10620.25,-1160.0,-27497.5
2020-07-08 06:26:00,long,10562.0,10542.0,10622.0,3360.0,-24137.5
2020-07-09 17:39:00,long,10733.75,10713.75,10793.75,-1280.0,-25417.5
2020-07-10 09:50:00,long,10705.25,10685.25,10765.25,3600.0,-21817.5
2020-07-13 22:23:00,long,10633.25,10613.25,10693.25,-1400.0,-23217.5
2020-07-16 04:48:00,long,10518.75,10498.75,10578.75,-1320.0,-24537.5
2020-07-17 06:27:00,short,10608.25,10628.25,10548.25,-1240.0,-25777.5
2020-07-23 18:00:00,long,10590.0,10570.0,10650.0,-1200.0,-26977.5
2020-07-26 17:01:00,long,10497.25,10477.25,10557.25,-1120.0,-28097.5
2020-07-26 22:19:00,long,10525.5,10505.5,10585.5,-1080.0,-29177.5
2020-07-27 20:34:00,long,10746.5,10726.5,10806.5,-1040.0,-30217.5
2020-07-31 13:01:00,long,10757.0,10737.0,10817.0,-960.0,-31177.5
2020-08-03 02:02:00,short,10926.0,10946.0,10866.0,-920.0,-32097.5
2020-08-03 11:04:00,long,11044.75,11024.75,11104.75,-880.0,-32977.5
2020-08-05 19:09:00,short,11090.0,11110.0,11030.0,-840.0,-33817.5
2020-08-10 02:38:00,long,11121.0,11101.0,11181.0,-800.0,-34617.5
2020-08-10 23:04:00,long,11120.25,11100.25,11180.25,-760.0,-35377.5
2020-08-11 17:27:00,long,10928.5,10908.5,10988.5,-720.0,-36097.5
2020-08-19 17:31:00,long,11326.25,11306.25,11386.25,-680.0,-36777.5
2020-08-23 19:39:00,long,11584.25,11564.25,11644.25,1920.0,-34857.5
2020-08-24 19:06:00,long,11641.0,11621.0,11701.0,-720.0,-35577.5
2020-08-26 03:58:00,long,11760.25,11740.25,11820.25,-720.0,-36297.5
2020-08-31 11:29:00,long,12091.25,12071.25,12151.25,2040.0,-34257.5
2020-09-03 02:21:00,long,12381.5,12361.5,12441.5,-760.0,-35017.5
2020-09-10 22:59:00,long,11248.0,11228.0,11308.0,2160.0,-32857.5
2020-09-14 08:37:00,long,11220.25,11200.25,11280.25,2520.0,-30337.5
2020-09-15 05:44:00,short,11363.5,11383.5,11303.5,-960.0,-31297.5
2020-09-20 17:02:00,long,10932.5,10912.5,10992.5,-920.0,-32217.5
2020-09-22 08:00:00,long,11046.25,11026.25,11106.25,-880.0,-33097.5
2020-09-24 08:00:00,short,10686.5,10706.5,10626.5,-840.0,-33937.5
2020-09-27 17:30:00,long,11173.25,11153.25,11233.25,-800.0,-34737.5
2020-09-28 12:12:00,long,11268.75,11248.75,11328.75,2280.0,-32457.5
2020-09-28 23:33:00,long,11423.25,11403.25,11483.25,-840.0,-33297.5
2020-09-29 07:37:00,long,11354.25,11334.25,11414.25,-800.0,-34097.5
2020-09-30 02:28:00,long,11237.25,11217.25,11297.25,-760.0,-34857.5
2020-10-01 13:01:00,long,11545.75,11525.75,11605.75,-720.0,-35577.5
2020-10-06 18:39:00,long,11237.0,11217.0,11297.0,2160.0,-33417.5
2020-10-08 19:22:00,long,11582.5,11562.5,11642.5,-800.0,-34217.5
2020-10-09 03:43:00,long,11571.25,11551.25,11631.25,2280.0,-31937.5
2020-10-12 17:27:00,long,12112.5,12092.5,12172.5,-880.0,-32817.5
2020-10-13 19:38:00,long,12127.0,12107.0,12187.0,-840.0,-33657.5
2020-10-14 22:19:00,short,11883.0,11903.0,11823.0,-800.0,-34457.5
2020-10-15 04:01:00,short,11773.75,11793.75,11713.75,-760.0,-35217.5
2020-10-16 01:32:00,short,11865.25,11885.25,11805.25,-720.0,-35937.5
2020-10-18 17:55:00,long,11873.0,11853.0,11933.0,280.5,-35657.0
2020-10-19 22:25:00,long,11692.75,11672.75,11752.75,2040.0,-33617.0
2020-10-21 08:02:00,long,11665.5,11645.5,11725.5,2400.0,-31217.0
2020-10-21 15:09:00,short,11687.75,11707.75,11627.75,2760.0,-28457.0
2020-10-22 10:36:00,long,11591.5,11571.5,11651.5,-1040.0,-29497.0
2020-10-23 00:44:00,short,11659.0,11679.0,11599.0,-1000.0,-30497.0
2020-10-23 06:04:00,long,11657.25,11637.25,11717.25,-960.0,-31457.0
2020-10-26 05:43:00,long,11568.0,11548.0,11628.0,2760.0,-28697.0
2020-10-28 03:43:00,short,11472.5,11492.5,11412.5,-1040.0,-29737.0
2020-11-02 08:33:00,long,11144.75,11124.75,11204.75,-1000.0,-30737.0
2020-11-06 12:46:00,long,12090.5,12070.5,12150.5,-960.0,-31697.0
2020-11-09 17:42:00,long,11884.5,11864.5,11944.5,-880.0,-32577.0
2020-11-16 08:30:00,long,11915.5,11895.5,11975.5,-840.0,-33417.0
2020-11-17 13:31:00,long,12022.0,12002.0,12082.0,-800.0,-34217.0
2020-11-18 17:25:00,long,11883.0,11863.0,11943.0,-760.0,-34977.0
2020-11-18 21:40:00,short,11849.0,11869.0,11789.0,-243.0,-35220.0
2020-11-20 02:36:00,long,11975.5,11955.5,12035.5,-720.0,-35940.0
2020-11-25 11:05:00,short,12105.0,12125.0,12045.0,-680.0,-36620.0
2020-11-25 15:57:00,long,12170.5,12150.5,12230.5,-640.0,-37260.0
2020-11-30 01:26:00,long,12212.75,12192.75,12272.75,1800.0,-35460.0
2020-11-30 23:04:00,short,12376.75,12396.75,12316.75,-720.0,-36180.0
2020-12-01 21:33:00,long,12432.0,12412.0,12492.0,-680.0,-36860.0
2020-12-06 21:26:00,short,12518.25,12538.25,12458.25,-640.0,-37500.0
2020-12-07 12:27:00,short,12566.75,12586.75,12506.75,-600.0,-38100.0
2020-12-10 02:00:00,long,12323.0,12303.0,12383.0,-560.0,-38660.0
2020-12-11 07:26:00,long,12317.5,12297.5,12377.5,-560.0,-39220.0
2020-12-13 17:01:00,long,12430.25,12410.25,12490.25,-520.0,-39740.0
2020-12-14 08:31:00,long,12440.75,12420.75,12500.75,1440.0,-38300.0
2020-12-15 08:33:00,long,12568.5,12548.5,12628.5,-560.0,-38860.0
2020-12-15 21:18:00,long,12618.0,12598.0,12678.0,-520.0,-39380.0
2020-12-16 14:13:00,long,12674.0,12654.0,12734.0,1560.0,-37820.0
2020-12-17 21:42:00,long,12728.75,12708.75,12788.75,-600.0,-38420.0
2020-12-18 13:01:00,short,12686.75,12706.75,12626.75,1680.0,-36740.0
2020-12-20 21:55:00,short,12743.25,12763.25,12683.25,-640.0,-37380.0
2020-12-21 17:30:00,long,12710.5,12690.5,12770.5,-600.0,-37980.0
2020-12-29 12:40:00,long,12849.5,12829.5,12909.5,-600.0,-38580.0
2020-12-30 17:33:00,long,12850.0,12830.0,12910.0,-560.0,-39140.0
2021-01-05 23:37:00,long,12623.5,12603.5,12683.5,-520.0,-39660.0
2021-01-06 10:37:00,long,12755.0,12735.0,12815.0,-480.0,-40140.0
2021-01-06 17:03:00,long,12654.75,12634.75,12714.75,1440.0,-38700.0
2021-01-07 23:37:00,long,12967.25,12947.25,13027.25,1680.0,-37020.0
2021-01-10 20:25:00,short,13038.5,13058.5,12978.5,-640.0,-37660.0
2021-01-12 12:56:00,long,12884.0,12864.0,12944.0,-600.0,-38260.0
2021-01-17 22:56:00,long,12766.0,12746.0,12826.0,1680.0,-36580.0
2021-01-18 21:48:00,long,12930.75,12910.75,12990.75,-640.0,-37220.0
2021-01-19 08:33:00,long,12918.5,12898.5,12978.5,-600.0,-37820.0
2021-01-20 08:32:00,long,13134.75,13114.75,13194.75,1800.0,-36020.0
2021-01-20 12:00:00,long,13267.25,13247.25,13327.25,2040.0,-33980.0
2021-01-22 01:01:00,long,13355.5,13335.5,13415.5,-800.0,-34780.0
2021-01-22 04:47:00,long,13331.25,13311.25,13391.25,-760.0,-35540.0
2021-01-25 04:05:00,short,13486.5,13506.5,13426.5,-720.0,-36260.0
2021-01-25 23:03:00,short,13394.5,13414.5,13334.5,-680.0,-36940.0
2021-01-26 18:29:00,short,13556.75,13576.75,13496.75,1920.0,-35020.0
2021-01-31 23:29:00,long,12954.75,12934.75,13014.75,-720.0,-35740.0
2021-02-02 19:05:00,long,13517.5,13497.5,13577.5,-680.0,-36420.0
2021-02-04 11:53:00,long,13473.75,13453.75,13533.75,1920.0,-34500.0
2021-02-07 17:33:00,long,13630.25,13610.25,13690.25,2280.0,-32220.0
2021-02-09 06:12:00,long,13667.75,13647.75,13727.75,-880.0,-33100.0
2021-02-10 08:03:00,long,13743.25,13723.25,13803.25,-840.0,-33940.0
2021-02-10 13:56:00,long,13680.0,13660.0,13740.0,-800.0,-34740.0
2021-02-10 21:41:00,short,13653.25,13673.25,13593.25,-760.0,-35500.0
2021-02-11 07:37:00,long,13716.75,13696.75,13776.75,-720.0,-36220.0
2021-02-11 10:01:00,long,13712.75,13692.75,13772.75,-680.0,-36900.0
2021-02-11 17:36:00,long,13720.5,13700.5,13780.5,-640.0,-37540.0
2021-02-16 09:03:00,long,13853.75,13833.75,13913.75,-600.0,-38140.0
2021-02-16 11:41:00,long,13769.25,13749.25,13829.25,-560.0,-38700.0
2021-02-17 08:37:00,short,13635.5,13655.5,13575.5,-560.0,-39260.0
2021-02-19 08:29:00,short,13703.0,13723.0,13643.0,1560.0,-37700.0
2021-02-23 17:57:00,long,13169.75,13149.75,13229.75,1800.0,-35900.0
2021-02-24 15:57:00,long,13316.75,13296.75,13376.75,-680.0,-36580.0
2021-02-25 19:23:00,long,12779.75,12759.75,12839.75,-640.0,-37220.0
2021-02-26 00:34:00,long,12742.75,12722.75,12802.75,-600.0,-37820.0
2021-03-01 14:56:00,short,13262.75,13282.75,13202.75,-600.0,-38420.0
2021-03-02 05:02:00,long,13225.0,13205.0,13285.0,1680.0,-36740.0
2021-03-04 00:34:00,long,12602.75,12582.75,12662.75,-640.0,-37380.0
2021-03-05 05:01:00,long,12413.75,12393.75,12473.75,1800.0,-35580.0
2021-03-08 15:30:00,short,12334.25,12354.25,12274.25,-720.0,-36300.0
2021-03-09 14:00:00,long,12835.25,12815.25,12895.25,-680.0,-36980.0
2021-03-09 23:52:00,long,12751.5,12731.5,12811.5,-640.0,-37620.0
2021-03-10 01:45:00,long,12757.25,12737.25,12817.25,1800.0,-35820.0
2021-03-10 06:37:00,long,12768.5,12748.5,12828.5,-680.0,-36500.0
2021-03-15 02:32:00,short,12877.75,12897.75,12817.75,-640.0,-37140.0
2021-03-15 08:32:00,long,12926.0,12906.0,12986.0,-640.0,-37780.0
2021-03-17 08:32:00,long,13009.25,12989.25,13069.25,-600.0,-38380.0
2021-03-18 00:03:00,long,13185.25,13165.25,13245.25,-560.0,-38940.0
2021-03-22 08:24:00,long,12947.0,12927.0,13007.0,1560.0,-37380.0
2021-03-24 05:34:00,short,13107.5,13127.5,13047.5,1800.0,-35580.0
2021-03-25 03:07:00,short,12813.5,12833.5,12753.5,-720.0,-36300.0
2021-03-26 11:04:00,long,12817.75,12797.75,12877.75,-680.0,-36980.0
2021-03-29 10:48:00,long,12874.25,12854.25,12934.25,1920.0,-35060.0
2021-03-29 14:46:00,long,12940.25,12920.25,13000.25,-720.0,-35780.0
2021-03-31 10:01:00,long,13113.5,13093.5,13173.5,-680.0,-36460.0
2021-03-31 20:03:00,long,13121.75,13101.75,13181.75,1920.0,-34540.0
2021-04-04 17:58:00,short,13326.75,13346.75,13266.75,-760.0,-35300.0
2021-04-05 13:22:00,long,13599.0,13579.0,13659.0,-720.0,-36020.0
2021-04-09 12:57:00,long,13784.5,13764.5,13844.5,-680.0,-36700.0
2021-04-14 12:02:00,long,13907.0,13887.0,13967.0,-640.0,-37340.0
2021-04-16 04:48:00,long,13980.75,13960.75,14040.75,1800.0,-35540.0
2021-04-19 15:37:00,long,13891.5,13871.5,13951.5,-720.0,-36260.0
2021-04-20 18:03:00,long,13750.0,13730.0,13810.0,-680.0,-36940.0
2021-04-20 23:29:00,long,13739.0,13719.0,13799.0,-640.0,-37580.0
2021-04-22 21:01:00,long,13773.25,13753.25,13833.25,-600.0,-38180.0
2021-04-25 19:58:00,long,13928.5,13908.5,13988.5,-560.0,-38740.0
2021-04-27 13:48:00,long,13960.0,13940.0,14020.0,-560.0,-39300.0
2021-04-29 12:06:00,long,13875.75,13855.75,13935.75,1560.0,-37740.0
2021-05-02 19:34:00,long,13893.0,13873.0,13953.0,-600.0,-38340.0
2021-05-03 05:57:00,long,13881.0,13861.0,13941.0,-560.0,-38900.0
2021-05-09 17:02:00,long,13728.75,13708.75,13788.75,-520.0,-39420.0
2021-05-10 07:27:00,long,13660.0,13640.0,13720.0,-520.0,-39940.0
2021-05-10 18:16:00,long,13330.75,13310.75,13390.75,-480.0,-40420.0
2021-05-11 10:46:00,long,13280.0,13260.0,13340.0,-440.0,-40860.0
2021-05-18 11:53:00,long,13365.0,13345.0,13425.0,-440.0,-41300.0
2021-05-18 17:02:00,short,13196.0,13216.0,13136.0,-400.0,-41700.0
2021-05-19 20:37:00,short,13203.75,13223.75,13143.75,-400.0,-42100.0
2021-05-24 01:35:00,long,13424.75,13404.75,13484.75,1080.0,-41020.0
2021-05-25 08:16:00,short,13700.0,13720.0,13640.0,-440.0,-41460.0
2021-05-26 08:32:00,short,13695.5,13715.5,13635.5,-400.0,-41860.0
2021-05-26 13:40:00,long,13699.5,13679.5,13759.5,-400.0,-42260.0
2021-05-27 00:33:00,short,13668.75,13688.75,13608.75,-360.0,-42620.0
2021-06-01 21:48:00,long,13653.25,13633.25,13713.25,-360.0,-42980.0
2021-06-02 08:33:00,long,13676.0,13656.0,13736.0,-320.0,-43300.0
2021-06-02 14:37:00,long,13641.75,13621.75,13701.75,960.0,-42340.0
2021-06-07 11:28:00,long,13751.75,13731.75,13811.75,1080.0,-41260.0
2021-06-14 17:02:00,short,14106.75,14126.75,14046.75,-400.0,-41660.0
2021-06-15 11:28:00,long,14059.25,14039.25,14119.25,-400.0,-42060.0
2021-06-17 10:55:00,long,14166.75,14146.75,14226.75,-360.0,-42420.0
2021-06-21 03:23:00,short,14082.5,14102.5,14022.5,-360.0,-42780.0
2021-06-21 18:47:00,long,14140.0,14120.0,14200.0,-360.0,-43140.0
2021-06-22 15:52:00,long,14273.25,14253.25,14333.25,-320.0,-43460.0
2021-06-29 04:42:00,long,14492.25,14472.25,14552.25,-320.0,-43780.0
2021-06-29 09:02:00,long,14514.5,14494.5,14574.5,-280.0,-44060.0
2021-07-02 02:49:00,long,14571.25,14551.25,14631.25,840.0,-43220.0
2021-07-07 01:54:00,short,14776.75,14796.75,14716.75,-320.0,-43540.0
2021-07-07 14:18:00,long,14810.5,14790.5,14870.5,-320.0,-43860.0
2021-07-09 06:23:00,long,14698.75,14678.75,14758.75,-280.0,-44140.0
2021-07-14 11:38:00,long,14918.0,14898.0,14978.0,-280.0,-44420.0
2021-07-15 11:59:00,long,14784.0,14764.0,14844.0,-240.0,-44660.0
2021-07-19 01:33:00,long,14649.5,14629.5,14709.5,-240.0,-44900.0
2021-07-19 08:33:00,short,14507.5,14527.5,14447.5,-240.0,-45140.0
2021-07-26 03:34:00,short,15053.0,15073.0,14993.0,-240.0,-45380.0
2021-07-28 05:38:00,short,14966.25,14986.25,14906.25,-200.0,-45580.0
2021-07-28 21:14:00,short,14954.25,14974.25,14894.25,-200.0,-45780.0
2021-08-05 06:55:00,long,15110.5,15090.5,15170.5,-92.5,-45872.5
2021-08-09 05:26:00,long,15107.0,15087.0,15167.0,-200.0,-46072.5
2021-08-11 08:34:00,long,15107.5,15087.5,15167.5,-160.0,-46232.5
2021-08-13 01:56:00,long,15076.5,15056.5,15136.5,-160.0,-46392.5
2021-08-16 01:33:00,short,15097.25,15117.25,15037.25,-160.0,-46552.5
2021-08-17 05:03:00,short,15075.25,15095.25,15015.25,480.0,-46072.5
2021-08-17 13:23:00,long,14948.25,14928.25,15008.25,480.0,-45592.5
2021-08-19 21:03:00,short,14921.25,14941.25,14861.25,600.0,-44992.5
2021-08-22 17:02:00,long,15096.75,15076.75,15156.75,720.0,-44272.5
2021-08-25 19:50:00,short,15348.5,15368.5,15288.5,840.0,-43432.5
2021-08-26 11:32:00,long,15336.5,15316.5,15396.5,-320.0,-43752.5
2021-08-27 08:33:00,short,15321.75,15341.75,15261.75,-280.0,-44032.5
2021-08-30 17:32:00,long,15608.25,15588.25,15668.25,840.0,-43192.5
2021-08-31 18:31:00,short,15590.0,15610.0,15530.0,-320.0,-43512.5
2021-09-02 10:41:00,long,15649.0,15629.0,15709.0,-320.0,-43832.5
2021-09-08 12:06:00,short,15587.5,15607.5,15527.5,-280.0,-44112.5
2021-09-09 14:35:00,short,15587.75,15607.75,15527.75,-280.0,-44392.5
2021-09-10 09:55:00,short,15579.25,15599.25,15519.25,-280.0,-44672.5
2021-09-13 11:43:00,long,15404.75,15384.75,15464.75,-240.0,-44912.5
2021-09-13 13:04:00,short,15391.75,15411.75,15331.75,-240.0,-45152.5
2021-09-14 08:00:00,long,15482.0,15462.0,15542.0,-240.0,-45392.5
2021-09-14 12:03:00,short,15430.25,15450.25,15370.25,600.0,-44792.5
2021-09-15 23:03:00,short,15486.0,15506.0,15426.0,720.0,-44072.5
2021-09-19 18:08:00,long,15320.0,15300.0,15380.0,-280.0,-44352.5
2021-09-21 12:51:00,short,15035.0,15055.0,14975.0,-280.0,-44632.5
2021-09-21 15:33:00,short,14992.5,15012.5,14932.5,720.0,-43912.5
2021-09-22 08:53:00,short,15045.5,15065.5,14985.5,-280.0,-44192.5
2021-09-22 13:02:00,short,15124.25,15144.25,15064.25,-280.0,-44472.5
2021-09-22 19:25:00,long,15195.0,15175.0,15255.0,720.0,-43752.5
2021-09-27 02:02:00,short,15369.75,15389.75,15309.75,840.0,-42912.5
2021-09-28 00:03:00,long,15163.25,15143.25,15223.25,-320.0,-43232.5
2021-09-28 15:37:00,short,14755.5,14775.5,14695.5,-320.0,-43552.5
2021-09-29 02:56:00,long,14910.0,14890.0,14970.0,-320.0,-43872.5
2021-09-29 06:35:00,short,14866.25,14886.25,14806.25,-280.0,-44152.5
2021-09-30 05:04:00,short,14823.25,14843.25,14763.25,-280.0,-44432.5
2021-09-30 18:37:00,long,14717.75,14697.75,14777.75,-240.0,-44672.5
2021-10-01 08:32:00,short,14698.75,14718.75,14638.75,720.0,-43952.5
2021-10-04 15:34:00,long,14479.5,14459.5,14539.5,-280.0,-44232.5
2021-10-10 19:58:00,long,14743.25,14723.25,14803.25,-280.0,-44512.5
2021-10-11 08:33:00,long,14767.25,14747.25,14827.25,720.0,-43792.5
2021-10-11 21:24:00,long,14638.75,14618.75,14698.75,-280.0,-44072.5
2021-10-13 07:32:00,short,14708.75,14728.75,14648.75,840.0,-43232.5
2021-10-14 15:51:00,long,15065.25,15045.25,15125.25,-320.0,-43552.5
2021-10-15 06:50:00,long,15090.0,15070.0,15150.0,-320.0,-43872.5
2021-10-15 15:51:00,long,15139.25,15119.25,15199.25,-280.0,-44152.5
2021-10-22 07:26:00,short,15446.75,15466.75,15386.75,840.0,-43312.5
2021-10-25 17:28:00,short,15531.75,15551.75,15471.75,-320.0,-43632.5
2021-10-26 22:28:00,long,15538.75,15518.75,15598.75,-280.0,-43912.5
2021-10-27 10:28:00,long,15644.0,15624.0,15704.0,840.0,-43072.5
2021-11-01 17:25:00,short,15883.5,15903.5,15823.5,-320.0,-43392.5
2021-11-05 13:24:00,long,16354.25,16334.25,16414.25,-320.0,-43712.5
2021-11-08 10:43:00,long,16350.25,16330.25,16410.25,-280.0,-43992.5
2021-11-10 01:55:00,long,16230.0,16210.0,16290.0,-280.0,-44272.5
2021-11-10 22:48:00,short,15991.75,16011.75,15931.75,-280.0,-44552.5
2021-11-16 14:51:00,long,16311.75,16291.75,16371.75,-240.0,-44792.5
2021-11-22 07:52:00,long,16639.75,16619.75,16699.75,720.0,-44072.5
2021-11-24 13:04:00,short,16301.0,16321.0,16241.0,-280.0,-44352.5
2021-11-28 20:09:00,long,16228.75,16208.75,16288.75,-280.0,-44632.5
2021-11-29 22:25:00,long,16407.5,16387.5,16467.5,-240.0,-44872.5
2021-12-01 10:33:00,long,16393.5,16373.5,16453.5,-240.0,-45112.5
2021-12-02 13:13:00,long,15976.5,15956.5,16036.5,720.0,-44392.5
2021-12-02 23:59:00,long,15992.0,15972.0,16052.0,-280.0,-44672.5
2021-12-06 19:32:00,long,15864.5,15844.5,15924.5,720.0,-43952.5
2021-12-10 15:57:00,long,16318.5,16298.5,16378.5,840.0,-43112.5
2021-12-15 13:01:00,short,15764.75,15784.75,15704.75,-320.0,-43432.5
2021-12-15 20:37:00,long,16303.75,16283.75,16363.75,960.0,-42472.5
2021-12-17 01:40:00,long,15855.0,15835.0,15915.0,-360.0,-42832.5
2021-12-19 17:02:00,long,15844.75,15824.75,15904.75,-320.0,-43152.5
2021-12-20 10:24:00,short,15544.0,15564.0,15484.0,-320.0,-43472.5
2021-12-20 11:54:00,short,15543.75,15563.75,15483.75,-320.0,-43792.5
2021-12-20 20:13:00,long,15750.25,15730.25,15810.25,-280.0,-44072.5
2021-12-21 08:35:00,short,15754.0,15774.0,15694.0,-280.0,-44352.5
2021-12-22 23:52:00,long,16177.75,16157.75,16237.75,-280.0,-44632.5
2021-12-27 11:23:00,long,16518.0,16498.0,16578.0,720.0,-43912.5
2021-12-28 04:26:00,long,16645.25,16625.25,16705.25,-280.0,-44192.5
2021-12-28 11:54:00,short,16497.25,16517.25,16437.25,262.5,-43930.0
2021-12-28 17:02:00,short,16516.25,16536.25,16456.25,-280.0,-44210.0
2021-12-30 18:57:00,short,16375.0,16395.0,16315.0,-280.0,-44490.0
2022-01-04 00:42:00,short,16532.0,16552.0,16472.0,-240.0,-44730.0
2022-01-06 22:47:00,short,15789.0,15809.0,15729.0,720.0,-44010.0
2022-01-07 07:32:00,short,15755.75,15775.75,15695.75,840.0,-43170.0
2022-01-09 17:01:00,long,15602.25,15582.25,15662.25,-320.0,-43490.0
2022-01-09 21:29:00,short,15601.25,15621.25,15541.25,-320.0,-43810.0
2022-01-10 03:36:00,long,15593.0,15573.0,15653.0,-280.0,-44090.0
2022-01-10 08:32:00,short,15360.25,15380.25,15300.25,840.0,-43250.0
2022-01-13 08:33:00,long,15958.75,15938.75,16018.75,-320.0,-43570.0
2022-01-13 17:21:00,long,15502.0,15482.0,15562.0,-320.0,-43890.0
2022-01-17 11:26:00,short,15570.25,15590.25,15510.25,-280.0,-44170.0
2022-01-19 12:57:00,short,15251.5,15271.5,15191.5,840.0,-43330.0
2022-01-27 23:37:00,long,14134.0,14114.0,14194.0,-320.0,-43650.0
2022-01-31 13:49:00,long,14799.0,14779.0,14859.0,-280.0,-43930.0
2022-02-02 06:40:00,long,15241.25,15221.25,15301.25,-280.0,-44210.0
2022-02-02 15:40:00,short,14859.25,14879.25,14799.25,840.0,-43370.0
2022-02-02 18:05:00,short,14785.25,14805.25,14725.25,-320.0,-43690.0
2022-02-03 09:07:00,short,14736.0,14756.0,14676.0,-280.0,-43970.0
2022-02-08 03:52:00,short,14593.0,14613.0,14533.0,840.0,-43130.0
2022-02-09 08:35:00,short,14907.5,14927.5,14847.5,-320.0,-43450.0
2022-02-09 15:47:00,long,15052.5,15032.5,15112.5,-320.0,-43770.0
2022-02-10 06:28:00,long,15016.5,14996.5,15076.5,-280.0,-44050.0
2022-02-14 07:16:00,long,14223.0,14203.0,14283.0,-280.0,-44330.0
2022-02-16 01:02:00,long,14592.75,14572.75,14652.75,-280.0,-44610.0
2022-02-16 02:42:00,long,14624.75,14604.75,14684.75,-240.0,-44850.0
2022-02-16 20:33:00,long,14587.0,14567.0,14647.0,-240.0,-45090.0
2022-02-17 07:32:00,short,14520.5,14540.5,14460.5,720.0,-44370.0
2022-02-18 00:22:00,short,14257.75,14277.75,14197.75,-280.0,-44650.0
2022-02-21 03:26:00,short,14008.5,14028.5,13948.5,720.0,-43930.0
2022-02-23 02:33:00,long,13992.75,13972.75,14052.75,840.0,-43090.0
2022-02-24 06:52:00,short,13089.75,13109.75,13029.75,960.0,-42130.0
2022-02-25 04:43:00,long,13891.5,13871.5,13951.5,-360.0,-42490.0
2022-03-01 01:31:00,long,14289.0,14269.0,14349.0,-360.0,-42850.0
2022-03-01 15:36:00,long,14027.25,14007.25,14087.25,-320.0,-43170.0
2022-03-07 11:42:00,short,13528.25,13548.25,13468.25,-320.0,-43490.0
2022-03-08 00:05:00,short,13222.75,13242.75,13162.75,960.0,-42530.0
2022-03-10 08:34:00,long,13551.5,13531.5,13611.5,-360.0,-42890.0
2022-03-11 05:55:00,long,13786.75,13766.75,13846.75,-320.0,-43210.0
2022-03-11 15:23:00,short,13313.0,13333.0,13253.0,-320.0,-43530.0
2022-03-16 09:08:00,long,13706.5,13686.5,13766.5,960.0,-42570.0
2022-03-17 05:21:00,short,13878.25,13898.25,13818.25,-360.0,-42930.0
2022-03-17 10:10:00,short,13893.0,13913.0,13833.0,-320.0,-43250.0
2022-03-17 21:07:00,long,13984.5,13964.5,14044.5,960.0,-42290.0
2022-03-18 15:49:00,long,14428.75,14408.75,14488.75,-360.0,-42650.0
2022-03-20 17:47:00,short,14409.75,14429.75,14349.75,1080.0,-41570.0
2022-03-21 00:54:00,short,14326.0,14346.0,14266.0,-400.0,-41970.0
2022-03-21 06:43:00,long,14411.25,14391.25,14471.25,-400.0,-42370.0
2022-03-23 03:42:00,short,14625.0,14645.0,14565.0,1080.0,-41290.0
2022-03-24 12:35:00,long,14639.75,14619.75,14699.75,1200.0,-40090.0
2022-03-25 02:42:00,short,14770.75,14790.75,14710.75,1440.0,-38650.0
2022-03-28 12:58:00,long,14836.5,14816.5,14896.5,1680.0,-36970.0
2022-03-29 04:02:00,long,15022.25,15002.25,15082.25,1920.0,-35050.0
2022-03-29 17:54:00,long,15213.75,15193.75,15273.75,-720.0,-35770.0
2022-03-31 17:36:00,short,14910.25,14930.25,14850.25,-680.0,-36450.0
2022-04-01 04:24:00,short,14912.5,14932.5,14852.5,-640.0,-37090.0
2022-04-04 01:17:00,long,14881.5,14861.5,14941.5,-640.0,-37730.0
2022-04-04 08:33:00,long,14912.25,14892.25,14972.25,-600.0,-38330.0
2022-04-07 06:10:00,short,14563.75,14583.75,14503.75,-560.0,-38890.0
2022-04-07 22:05:00,long,14543.75,14523.75,14603.75,1560.0,-37330.0
2022-04-10 17:25:00,long,14346.75,14326.75,14406.75,-600.0,-37930.0
2022-04-10 21:41:00,short,14211.5,14231.5,14151.5,-600.0,-38530.0
2022-04-12 20:18:00,long,14008.75,13988.75,14068.75,1680.0,-36850.0
2022-04-13 10:47:00,long,14152.75,14132.75,14212.75,-640.0,-37490.0
2022-04-14 14:18:00,short,13955.5,13975.5,13895.5,1800.0,-35690.0
2022-04-18 19:19:00,long,14006.0,13986.0,14066.0,-680.0,-36370.0
2022-04-18 21:59:00,long,13957.25,13937.25,14017.25,-680.0,-37050.0
2022-04-19 08:32:00,short,13870.0,13890.0,13810.0,-640.0,-37690.0
2022-04-19 13:32:00,short,14124.0,14144.0,14064.0,-600.0,-38290.0
2022-04-19 18:24:00,short,14088.0,14108.0,14028.0,-560.0,-38850.0
2022-04-20 07:18:00,long,14266.75,14246.75,14326.75,-520.0,-39370.0
2022-04-20 23:51:00,long,14094.5,14074.5,14154.5,-520.0,-39890.0
2022-04-21 06:46:00,long,14166.5,14146.5,14226.5,1440.0,-38450.0
2022-04-21 13:33:00,short,13830.0,13850.0,13770.0,-560.0,-39010.0
2022-04-21 20:30:00,long,13646.5,13626.5,13706.5,1560.0,-37450.0
2022-04-22 09:38:00,short,13639.25,13659.25,13579.25,-600.0,-38050.0
2022-04-27 01:40:00,long,13079.75,13059.75,13139.75,-560.0,-38610.0
2022-04-29 00:23:00,long,13362.25,13342.25,13422.25,-560.0,-39170.0
2022-05-01 17:02:00,long,12895.75,12875.75,12955.75,-520.0,-39690.0
2022-05-03 22:03:00,short,13114.0,13134.0,13054.0,-480.0,-40170.0
2022-05-06 01:27:00,long,12856.5,12836.5,12916.5,-480.0,-40650.0
2022-05-09 06:02:00,short,12393.0,12413.0,12333.0,-440.0,-41090.0
2022-05-11 20:09:00,long,12016.75,11996.75,12076.75,-440.0,-41530.0
2022-05-17 08:33:00,long,12485.75,12465.75,12545.75,-400.0,-41930.0
2022-05-17 10:03:00,short,12376.75,12396.75,12316.75,-400.0,-42330.0
2022-05-18 00:24:00,long,12504.75,12484.75,12564.75,-360.0,-42690.0
2022-05-18 06:35:00,short,12439.25,12459.25,12379.25,1080.0,-41610.0
2022-05-18 18:33:00,short,11885.5,11905.5,11825.5,1200.0,-40410.0
2022-05-20 09:30:00,short,11945.0,11965.0,11885.0,1320.0,-39090.0
2022-05-22 17:29:00,long,11905.0,11885.0,11965.0,1560.0,-37530.0
2022-05-24 13:03:00,long,11718.75,11698.75,11778.75,1800.0,-35730.0
2022-05-25 01:37:00,short,11842.75,11862.75,11782.75,-680.0,-36410.0
2022-05-30 05:49:00,short,12833.0,12853.0,12773.0,1920.0,-34490.0
2022-05-30 09:40:00,long,12766.0,12746.0,12826.0,2280.0,-32210.0
2022-05-31 23:08:00,long,12675.25,12655.25,12735.25,-880.0,-33090.0
2022-06-01 23:11:00,long,12555.5,12535.5,12615.5,-840.0,-33930.0
2022-06-02 03:48:00,long,12635.25,12615.25,12695.25,-800.0,-34730.0
2022-06-03 13:05:00,short,12561.5,12581.5,12501.5,-760.0,-35490.0
2022-06-07 12:40:00,long,12653.75,12633.75,12713.75,2160.0,-33330.0
2022-06-08 03:02:00,long,12662.25,12642.25,12722.25,2400.0,-30930.0
2022-06-12 20:14:00,short,11641.5,11661.5,11581.5,-920.0,-31850.0
2022-06-15 11:36:00,long,11549.5,11529.5,11609.5,-880.0,-32730.0
2022-06-20 04:03:00,long,11381.75,11361.75,11441.75,-840.0,-33570.0
2022-06-20 21:25:00,long,11451.5,11431.5,11511.5,-800.0,-34370.0
2022-06-24 11:23:00,long,12012.0,11992.0,12072.0,2280.0,-32090.0
2022-06-26 19:26:00,short,12091.5,12111.5,12031.5,-880.0,-32970.0
2022-06-28 20:06:00,short,11664.75,11684.75,11604.75,-840.0,-33810.0
2022-06-30 03:40:00,short,11542.5,11562.5,11482.5,2400.0,-31410.0
2022-06-30 08:34:00,long,11547.75,11527.75,11607.75,-920.0,-32330.0
2022-06-30 14:27:00,short,11526.75,11546.75,11466.75,-880.0,-33210.0
2022-07-01 13:06:00,long,11499.5,11479.5,11559.5,2400.0,-30810.0
2022-07-05 12:06:00,short,11602.5,11622.5,11542.5,-920.0,-31730.0
2022-07-06 02:49:00,long,11844.0,11824.0,11904.0,-880.0,-32610.0
2022-07-06 12:29:00,long,11839.5,11819.5,11899.5,-840.0,-33450.0
2022-07-08 03:54:00,short,12083.75,12103.75,12023.75,-800.0,-34250.0
2022-07-11 15:27:00,long,11907.75,11887.75,11967.75,-760.0,-35010.0
2022-07-13 07:31:00,short,11610.5,11630.5,11550.5,-720.0,-35730.0
2022-07-14 08:32:00,short,11616.0,11636.0,11556.0,-680.0,-36410.0
2022-07-15 10:32:00,long,11971.0,11951.0,12031.0,-640.0,-37050.0
2022-07-18 17:01:00,short,11908.75,11928.75,11848.75,-640.0,-37690.0
2022-07-20 12:51:00,long,12410.75,12390.75,12470.75,-600.0,-38290.0
2022-07-21 10:22:00,long,12482.0,12462.0,12542.0,1680.0,-36610.0
2022-07-21 11:49:00,long,12596.0,12576.0,12656.0,-640.0,-37250.0
2022-07-21 13:33:00,long,12598.25,12578.25,12658.25,-600.0,-37850.0
2022-07-26 05:08:00,long,12322.75,12302.75,12382.75,-600.0,-38450.0
2022-07-26 08:32:00,short,12275.75,12295.75,12215.75,1680.0,-36770.0
2022-07-26 13:53:00,short,12102.0,12122.0,12042.0,-640.0,-37410.0
2022-08-01 04:56:00,long,12941.75,12921.75,13001.75,-600.0,-38010.0
2022-08-02 05:16:00,short,12841.25,12861.25,12781.25,-560.0,-38570.0
2022-08-05 08:32:00,short,13146.25,13166.25,13086.25,-560.0,-39130.0
2022-08-08 23:39:00,short,13213.0,13233.0,13153.0,1560.0,-37570.0
2022-08-09 18:24:00,long,13048.0,13028.0,13108.0,-600.0,-38170.0
2022-08-10 02:03:00,long,13006.5,12986.5,13066.5,-560.0,-38730.0
2022-08-15 04:17:00,short,13512.75,13532.75,13452.75,-560.0,-39290.0
2022-08-18 17:28:00,short,13530.5,13550.5,13470.5,1560.0,-37730.0
2022-08-19 15:47:00,short,13254.25,13274.25,13194.25,1800.0,-35930.0
2022-08-29 01:31:00,long,12466.75,12446.75,12526.75,2040.0,-33890.0
2022-08-29 15:37:00,short,12489.75,12509.75,12429.75,-800.0,-34690.0
2022-09-01 02:02:00,long,12150.5,12130.5,12210.5,-760.0,-35450.0
2022-09-02 12:47:00,short,12159.75,12179.75,12099.75,2160.0,-33290.0
2022-09-06 04:04:00,long,12188.75,12168.75,12248.75,-800.0,-34090.0
2022-09-06 09:28:00,short,11991.25,12011.25,11931.25,-760.0,-34850.0
2022-09-06 13:33:00,long,12038.5,12018.5,12098.5,-720.0,-35570.0
2022-09-07 19:03:00,short,12254.5,12274.5,12194.5,-720.0,-36290.0
2022-09-07 22:31:00,long,12271.25,12251.25,12331.25,2040.0,-34250.0
2022-09-08 12:35:00,long,12272.25,12252.25,12332.25,-760.0,-35010.0
2022-09-08 19:59:00,long,12388.25,12368.25,12448.25,-720.0,-35730.0
2022-09-19 17:00:00,long,12045.75,12025.75,12105.75,-680.0,-36410.0
2022-09-20 11:56:00,short,11946.75,11966.75,11886.75,1920.0,-34490.0
2022-09-21 13:01:00,short,11875.0,11895.0,11815.0,-760.0,-35250.0
2022-09-23 08:32:00,long,11457.5,11437.5,11517.5,-720.0,-35970.0
2022-09-23 12:49:00,short,11327.5,11347.5,11267.5,-323.0,-36293.0
2022-09-25 17:45:00,long,11367.5,11347.5,11427.5,-680.0,-36973.0
2022-09-26 00:49:00,short,11277.0,11297.0,11217.0,-640.0,-37613.0
2022-09-26 11:50:00,short,11335.25,11355.25,11275.25,-600.0,-38213.0
2022-09-26 19:36:00,long,11379.25,11359.25,11439.25,1680.0,-36533.0
2022-09-27 14:03:00,long,11314.5,11294.5,11374.5,-640.0,-37173.0
2022-09-29 19:58:00,short,11232.75,11252.75,11172.75,-640.0,-37813.0
2022-09-30 14:04:00,short,11151.5,11171.5,11091.5,1800.0,-36013.0
2022-10-06 11:25:00,short,11591.5,11611.5,11531.5,-680.0,-36693.0
2022-10-07 01:50:00,short,11474.75,11494.75,11414.75,-640.0,-37333.0
2022-10-07 02:29:00,long,11505.75,11485.75,11565.75,-600.0,-37933.0
2022-10-12 11:10:00,long,10891.75,10871.75,10951.75,-600.0,-38533.0
2022-10-14 04:47:00,short,11015.5,11035.5,10955.5,-560.0,-39093.0
2022-10-16 17:02:00,long,10767.5,10747.5,10827.5,1560.0,-37533.0
2022-10-19 06:02:00,short,11222.5,11242.5,11162.5,1800.0,-35733.0
2022-10-21 06:12:00,long,10995.0,10975.0,11055.0,-680.0,-36413.0
2022-10-24 07:43:00,short,11388.5,11408.5,11328.5,-640.0,-37053.0
2022-10-25 06:04:00,long,11469.0,11449.0,11529.0,-640.0,-37693.0
2022-10-25 09:13:00,long,11632.25,11612.25,11692.25,-600.0,-38293.0
2022-10-27 07:17:00,short,11373.0,11393.0,11313.0,-560.0,-38853.0
2022-10-30 17:01:00,short,11573.5,11593.5,11513.5,1560.0,-37293.0
2022-10-31 14:24:00,short,11449.0,11469.0,11389.0,-600.0,-37893.0
2022-11-02 04:48:00,short,11349.25,11369.25,11289.25,1800.0,-36093.0
2022-11-02 10:38:00,short,11238.75,11258.75,11178.75,-680.0,-36773.0
2022-11-02 15:55:00,long,10944.5,10924.5,11004.5,-640.0,-37413.0
2022-11-03 06:34:00,short,10848.5,10868.5,10788.5,1800.0,-35613.0
2022-11-03 10:08:00,long,10835.0,10815.0,10895.0,-680.0,-36293.0
2022-11-09 07:45:00,short,11043.25,11063.25,10983.25,2040.0,-34253.0
2022-11-09 12:03:00,short,10942.25,10962.25,10882.25,2280.0,-31973.0
2022-11-14 11:58:00,long,11836.0,11816.0,11896.0,2640.0,-29333.0
2022-11-14 23:34:00,long,11816.5,11796.5,11876.5,3000.0,-26333.0
2022-11-15 08:34:00,short,12035.0,12055.0,11975.0,3480.0,-22853.0
2022-11-22 17:59:00,short,11743.75,11763.75,11683.75,-1320.0,-24173.0
2022-11-23 13:02:00,long,11830.75,11810.75,11890.75,3840.0,-20333.0
2022-11-29 17:03:00,long,11520.5,11500.5,11580.5,-1480.0,-21813.0
2022-11-29 20:00:00,long,11533.5,11513.5,11593.5,4200.0,-17613.0
2022-12-02 05:30:00,short,12040.75,12060.75,11980.75,-1600.0,-19213.0
2022-12-05 05:33:00,long,11979.75,11959.75,12039.75,-1520.0,-20733.0
2022-12-09 08:32:00,short,11570.25,11590.25,11510.25,-1440.0,-22173.0
2022-12-11 18:38:00,long,11657.25,11637.25,11717.25,-1360.0,-23533.0
2022-12-12 06:39:00,short,11714.0,11734.0,11654.0,3960.0,-19573.0
2022-12-14 19:10:00,long,11893.25,11873.25,11953.25,-1520.0,-21093.0
2022-12-16 12:19:00,short,11295.25,11315.25,11235.25,-1440.0,-22533.0
2022-12-19 05:22:00,short,11398.5,11418.5,11338.5,4080.0,-18453.0
2022-12-22 08:26:00,short,11199.0,11219.0,11139.0,4680.0,-13773.0
2022-12-26 17:01:00,long,11135.25,11115.25,11195.25,1485.0,-12288.0
2022-12-27 05:09:00,short,11138.25,11158.25,11078.25,5640.0,-6648.0
2022-12-27 10:26:00,short,10975.75,10995.75,10915.75,-2160.0,-8808.0
2022-12-28 05:19:00,long,10924.75,10904.75,10984.75,-2040.0,-10848.0
2022-12-30 15:41:00,long,11044.25,11024.25,11104.25,5760.0,-5088.0
2023-01-04 17:58:00,long,10998.75,10978.75,11058.75,-2240.0,-7328.0
2023-01-06 15:40:00,short,11104.5,11124.5,11044.5,-2120.0,-9448.0
2023-01-08 17:27:00,long,11137.75,11117.75,11197.75,6000.0,-3448.0
2023-01-10 17:24:00,short,11276.5,11296.5,11216.5,-2320.0,-5768.0
2023-01-12 05:41:00,long,11468.0,11448.0,11528.0,6600.0,832.0
2023-01-12 09:33:00,long,11468.75,11448.75,11528.75,-2520.0,-1688.0
2023-01-13 15:58:00,long,11603.25,11583.25,11663.25,-2400.0,-4088.0
2023-01-17 12:13:00,long,11624.0,11604.0,11684.0,-2280.0,-6368.0
2023-01-17 22:02:00,short,11631.5,11651.5,11571.5,-2160.0,-8528.0
2023-01-19 04:52:00,short,11410.25,11430.25,11350.25,6120.0,-2408.0
2023-01-23 17:06:00,long,11932.0,11912.0,11992.0,-2360.0,-4768.0
2023-01-24 12:04:00,short,11899.75,11919.75,11839.75,-2240.0,-7008.0
2023-01-25 08:10:00,short,11721.0,11741.0,11661.0,6360.0,-648.0
2023-01-25 19:57:00,long,11900.75,11880.75,11960.75,7320.0,6672.0
2023-01-27 13:36:00,long,12265.0,12245.0,12325.0,-2800.0,3872.0
2023-01-30 13:01:00,short,12017.0,12037.0,11957.0,3685.0,7557.0
2023-01-31 02:11:00,long,11964.75,11944.75,12024.75,-2840.0,4717.0
2023-02-03 05:51:00,long,12669.5,12649.5,12729.5,8160.0,12877.0
2023-02-06 17:33:00,long,12521.0,12501.0,12581.0,-3120.0,9757.0
2023-02-09 08:12:00,long,12708.0,12688.0,12768.0,-2960.0,6797.0
2023-02-13 08:09:00,short,12393.0,12413.0,12333.0,-2800.0,3997.0
2023-02-16 11:57:00,long,12667.5,12647.5,12727.5,-2680.0,1317.0
2023-02-20 04:57:00,long,12381.0,12361.0,12441.0,-2560.0,-1243.0
2023-02-21 03:10:00,short,12241.75,12261.75,12181.75,-2400.0,-3643.0
2023-03-13 21:33:00,long,12124.5,12104.5,12184.5,-2280.0,-5923.0
2023-03-14 20:01:00,long,12325.25,12305.25,12385.25,-2200.0,-8123.0
2023-03-28 08:01:00,short,12769.0,12789.0,12709.0,6240.0,-1883.0
2023-03-30 06:25:00,long,13034.5,13014.5,13094.5,7200.0,5317.0
2023-03-31 15:34:00,long,13304.5,13284.5,13364.5,-2760.0,2557.0
2023-04-04 12:45:00,long,13230.25,13210.25,13290.25,-2600.0,-43.0
2023-04-10 06:56:00,short,13107.0,13127.0,13047.0,7440.0,7397.0
2023-04-10 20:01:00,short,13160.25,13180.25,13100.25,-2840.0,4557.0
2023-04-12 01:48:00,short,13059.0,13079.0,12999.0,-2720.0,1837.0
2023-04-12 07:31:00,long,13181.25,13161.25,13241.25,7680.0,9517.0
2023-04-20 00:54:00,short,13119.25,13139.25,13059.25,8880.0,18397.0
2023-04-21 08:32:00,long,13066.5,13046.5,13126.5,-3400.0,14997.0
2023-04-24 21:23:00,short,13028.5,13048.5,12968.5,9720.0,24717.0
2023-04-28 05:33:00,long,13190.0,13170.0,13250.0,-3720.0,20997.0
2023-05-01 02:03:00,long,13349.5,13329.5,13409.5,-3520.0,17477.0
2023-05-05 07:31:00,short,13099.75,13119.75,13039.75,-3360.0,14117.0
2023-05-09 14:35:00,short,13270.0,13290.0,13210.0,9600.0,23717.0
2023-05-11 10:22:00,long,13414.0,13394.0,13474.0,-3680.0,20037.0
2023-05-16 05:46:00,long,13467.0,13447.0,13527.0,-3480.0,16557.0
2023-05-19 15:46:00,short,13840.5,13860.5,13780.5,-3320.0,13237.0
2023-05-22 08:32:00,short,13851.0,13871.0,13791.0,-3160.0,10077.0
2023-05-24 13:06:00,long,13631.0,13611.0,13691.0,-3000.0,7077.0
2023-06-09 04:25:00,long,14506.75,14486.75,14566.75,-2840.0,4237.0
2023-06-09 08:04:00,long,14543.0,14523.0,14603.0,8040.0,12277.0
2023-06-13 13:50:00,short,15035.25,15055.25,14975.25,-3080.0,9197.0
2023-06-13 23:44:00,long,15100.5,15080.5,15160.5,2847.0,12044.0
2023-06-14 20:04:00,short,15212.25,15232.25,15152.25,9240.0,21284.0
2023-06-19 20:20:00,long,15250.25,15230.25,15310.25,-3560.0,17724.0
2023-06-21 18:32:00,long,15039.75,15019.75,15099.75,-3360.0,14364.0
2023-06-28 08:32:00,short,15039.25,15059.25,14979.25,-3200.0,11164.0
2023-06-29 19:35:00,short,15105.5,15125.5,15045.5,-3040.0,8124.0
2023-06-30 06:52:00,long,15175.5,15155.5,15235.5,-756.0,7368.0
2023-06-30 08:32:00,long,15261.75,15241.75,15321.75,8520.0,15888.0
2023-06-30 15:41:00,short,15316.25,15336.25,15256.25,-3280.0,12608.0
2023-07-03 05:05:00,short,15368.25,15388.25,15308.25,-3120.0,9488.0
2023-07-04 21:34:00,short,15351.25,15371.25,15291.25,8880.0,18368.0
2023-07-06 15:58:00,short,15221.75,15241.75,15161.75,-3400.0,14968.0
2023-07-09 21:03:00,short,15139.0,15159.0,15079.0,9720.0,24688.0
2023-07-11 15:45:00,long,15262.0,15242.0,15322.0,11160.0,35848.0
2023-07-12 14:09:00,short,15456.5,15476.5,15396.5,-4280.0,31568.0
2023-07-18 11:26:00,long,15879.25,15859.25,15939.25,12120.0,43688.0
2023-07-19 14:54:00,short,15969.0,15989.0,15909.0,14040.0,57728.0
2023-07-20 02:08:00,short,15856.75,15876.75,15796.75,-5360.0,52368.0
2023-07-27 20:07:00,long,15608.25,15588.25,15668.25,15240.0,67608.0
2023-08-01 02:27:00,short,15835.5,15855.5,15775.5,17640.0,85248.0
2023-08-03 08:32:00,short,15373.75,15393.75,15313.75,-6760.0,78488.0
2023-08-06 17:01:00,long,15378.0,15358.0,15438.0,19200.0,97688.0
2023-08-06 23:59:00,long,15435.5,15415.5,15495.5,-7360.0,90328.0
2023-08-09 12:51:00,long,15249.5,15229.5,15309.5,-7000.0,83328.0
2023-08-10 02:41:00,long,15278.25,15258.25,15338.25,-6640.0,76688.0
2023-08-11 07:31:00,short,15148.5,15168.5,15088.5,18960.0,95648.0
2023-08-13 17:01:00,long,15120.0,15100.0,15180.0,-7280.0,88368.0
2023-08-14 18:07:00,long,15305.0,15285.0,15365.0,-6880.0,81488.0
2023-08-16 01:43:00,long,15113.25,15093.25,15173.25,-6560.0,74928.0
2023-08-17 23:09:00,short,14761.75,14781.75,14701.75,18720.0,93648.0
2023-08-21 10:32:00,short,14820.75,14840.75,14760.75,-7160.0,86488.0
2023-08-22 12:01:00,long,14978.0,14958.0,15038.0,-6800.0,79688.0
2023-08-24 18:53:00,long,14857.5,14837.5,14917.5,-6480.0,73208.0
2023-08-27 22:00:00,long,15006.75,14986.75,15066.75,-6160.0,67048.0
2023-08-29 10:58:00,long,15367.25,15347.25,15427.25,17520.0,84568.0
2023-09-01 04:37:00,long,15559.5,15539.5,15619.5,20160.0,104728.0
2023-09-01 11:10:00,short,15475.0,15495.0,15415.0,-7720.0,97008.0
2023-09-03 23:07:00,short,15533.5,15553.5,15473.5,-2928.0,94080.0
2023-09-04 04:01:00,short,15555.75,15575.75,15495.75,-7200.0,86880.0
2023-09-05 07:06:00,long,15469.25,15449.25,15529.25,-6840.0,80040.0
2023-09-05 07:45:00,short,15467.5,15487.5,15407.5,-6480.0,73560.0
2023-09-06 12:08:00,short,15330.75,15350.75,15270.75,-6160.0,67400.0
2023-09-06 13:58:00,long,15373.0,15353.0,15433.0,-5840.0,61560.0
2023-09-08 08:58:00,long,15321.25,15301.25,15381.25,16680.0,78240.0
2023-09-10 20:40:00,short,15503.5,15523.5,15443.5,-6400.0,71840.0
2023-09-11 02:49:00,long,15586.0,15566.0,15646.0,-6080.0,65760.0
2023-09-12 01:37:00,long,15670.5,15650.5,15730.5,-5760.0,60000.0
2023-09-12 21:48:00,short,15480.5,15500.5,15420.5,-5480.0,54520.0
2023-09-13 18:34:00,long,15574.25,15554.25,15634.25,15600.0,70120.0
2023-09-19 09:20:00,short,15308.0,15328.0,15248.0,-6000.0,64120.0
2023-09-19 18:02:00,short,15378.5,15398.5,15318.5,-5680.0,58440.0
2023-09-20 09:36:00,short,15383.5,15403.5,15323.5,16200.0,74640.0
2023-09-20 23:28:00,short,15093.5,15113.5,15033.5,-2945.0,71695.0
2023-09-28 03:59:00,long,14719.25,14699.25,14779.25,-6080.0,65615.0
2023-09-28 05:19:00,long,14726.0,14706.0,14786.0,-5760.0,59855.0
2023-09-28 06:58:00,short,14698.75,14718.75,14638.75,-5480.0,54375.0
2023-09-29 00:07:00,short,14875.0,14895.0,14815.0,-5200.0,49175.0
2023-09-29 12:28:00,short,14865.75,14885.75,14805.75,-4920.0,44255.0
2023-10-01 17:01:00,long,14996.5,14976.5,15056.5,-4680.0,39575.0
2023-10-04 03:04:00,long,14635.25,14615.25,14695.25,13320.0,52895.0
2023-10-05 02:42:00,short,14876.25,14896.25,14816.25,-5120.0,47775.0
2023-10-06 05:50:00,long,14908.5,14888.5,14968.5,-4880.0,42895.0
2023-10-09 05:03:00,short,15009.5,15029.5,14949.5,-4640.0,38255.0
2023-10-10 12:54:00,long,15291.0,15271.0,15351.0,-4400.0,33855.0
2023-10-11 06:29:00,long,15334.5,15314.5,15394.5,-4160.0,29695.0
2023-10-11 23:29:00,long,15424.5,15404.5,15484.5,-3960.0,25735.0
2023-10-13 02:07:00,long,15327.0,15307.0,15387.0,-3760.0,21975.0
2023-10-13 13:05:00,long,15109.5,15089.5,15169.5,-3560.0,18415.0
2023-10-16 09:56:00,long,15299.75,15279.75,15359.75,-3400.0,15015.0
2023-10-17 01:38:00,short,15267.5,15287.5,15207.5,-3240.0,11775.0
2023-10-18 12:32:00,long,15131.5,15111.5,15191.5,-3080.0,8695.0
2023-10-23 08:32:00,short,14599.25,14619.25,14539.25,8760.0,17455.0
2023-10-23 18:23:00,long,14750.5,14730.5,14810.5,-3360.0,14095.0
2023-10-24 06:42:00,long,14808.0,14788.0,14868.0,-3200.0,10895.0
2023-10-24 07:22:00,short,14795.25,14815.25,14735.25,-3040.0,7855.0
2023-10-24 12:04:00,short,14727.0,14747.0,14667.0,-2880.0,4975.0
2023-10-25 11:26:00,short,14585.5,14605.5,14525.5,8160.0,13135.0
2023-10-26 09:30:00,short,14318.0,14338.0,14258.0,-3120.0,10015.0
2023-10-31 07:32:00,long,14438.5,14418.5,14498.5,-3000.0,7015.0
2023-10-31 12:14:00,long,14427.5,14407.5,14487.5,8520.0,15535.0
2023-10-31 13:16:00,long,14470.0,14450.0,14530.0,-3240.0,12295.0
2023-11-02 02:27:00,long,14797.75,14777.75,14857.75,9240.0,21535.0
2023-11-08 05:10:00,long,15361.75,15341.75,15421.75,-3560.0,17975.0
2023-11-10 08:32:00,long,15321.5,15301.5,15381.5,10080.0,28055.0
2023-11-10 10:35:00,long,15424.0,15404.0,15484.0,11640.0,39695.0
2023-11-15 01:32:00,short,15919.0,15939.0,15859.0,-4480.0,35215.0
2023-11-15 08:31:00,short,15951.75,15971.75,15891.75,-4240.0,30975.0
2023-11-15 19:01:00,short,15870.25,15890.25,15810.25,-4040.0,26935.0
2023-11-20 22:59:00,short,16109.0,16129.0,16049.0,11520.0,38455.0
2023-11-21 09:49:00,short,15945.75,15965.75,15885.75,-4400.0,34055.0
2023-11-23 04:11:00,long,16081.25,16061.25,16141.25,-4200.0,29855.0
2023-11-23 21:12:00,long,16064.25,16044.25,16124.25,-3960.0,25895.0
2023-11-26 22:41:00,long,15949.75,15929.75,16009.75,11280.0,37175.0
2023-11-27 17:02:00,short,16005.0,16025.0,15945.0,-4320.0,32855.0
2023-11-29 01:32:00,short,16068.5,16088.5,16008.5,-4120.0,28735.0
2023-11-29 14:46:00,short,16026.25,16046.25,15966.25,-3920.0,24815.0
2023-11-30 15:37:00,long,15967.0,15947.0,16027.0,-3720.0,21095.0
2023-12-06 13:54:00,long,15875.75,15855.75,15935.75,-3520.0,17575.0
2023-12-07 04:51:00,short,15840.25,15860.25,15780.25,-3360.0,14215.0
2023-12-11 01:42:00,short,16268.25,16288.25,16208.25,-3200.0,11015.0
2023-12-12 00:07:00,long,16474.5,16454.5,16534.5,9120.0,20135.0
2023-12-15 08:27:00,long,16791.75,16771.75,16851.75,-3480.0,16655.0
2023-12-15 09:46:00,long,16853.75,16833.75,16913.75,-3320.0,13335.0
2023-12-17 23:42:00,long,16855.0,16835.0,16915.0,-3160.0,10175.0
2023-12-19 12:05:00,long,16990.75,16970.75,17050.75,-3000.0,7175.0
2023-12-28 04:30:00,long,17153.5,17133.5,17213.5,-2840.0,4335.0
2023-12-28 09:58:00,long,17128.0,17108.0,17188.0,-2680.0,1655.0
2024-01-01 17:01:00,long,17016.5,16996.5,17076.5,-2560.0,-905.0
2024-01-03 19:11:00,long,16559.0,16539.0,16619.0,-2440.0,-3345.0
2024-01-04 12:53:00,long,16517.25,16497.25,16577.25,-2320.0,-5665.0
2024-01-04 17:32:00,long,16461.75,16441.75,16521.75,-2200.0,-7865.0
2024-01-05 04:08:00,short,16399.0,16419.0,16339.0,-2080.0,-9945.0
2024-01-09 13:15:00,long,16832.5,16812.5,16892.5,-2000.0,-11945.0
2024-01-10 14:16:00,long,16962.0,16942.0,17022.0,-1880.0,-13825.0
2024-01-11 07:31:00,short,16956.0,16976.0,16896.0,5400.0,-8425.0
2024-01-12 11:14:00,short,16935.5,16955.5,16875.5,-2040.0,-10465.0
2024-01-15 06:05:00,long,16965.75,16945.75,17025.75,-1960.0,-12425.0
2024-01-17 08:10:00,short,16831.0,16851.0,16771.0,5520.0,-6905.0
2024-01-17 14:03:00,long,16816.0,16796.0,16876.0,6360.0,-545.0
2024-01-17 15:46:00,long,16863.0,16843.0,16923.0,-2440.0,-2985.0
2024-01-21 19:19:00,long,17551.5,17531.5,17611.5,-2320.0,-5305.0
2024-01-22 13:12:00,long,17472.25,17452.25,17532.25,-2200.0,-7505.0
2024-01-22 17:53:00,long,17465.5,17445.5,17525.5,-2120.0,-9625.0
2024-02-04 19:52:00,long,17681.5,17661.5,17741.5,-2000.0,-11625.0
2024-02-08 12:03:00,short,17877.25,17897.25,17817.25,-1880.0,-13505.0
2024-02-14 01:02:00,long,17706.25,17686.25,17766.25,5400.0,-8105.0
2024-02-16 03:04:00,long,18008.0,17988.0,18068.0,-2080.0,-10185.0
2024-02-16 12:26:00,short,17839.25,17859.25,17779.25,-1960.0,-12145.0
2024-02-20 00:48:00,long,17703.75,17683.75,17763.75,-1880.0,-14025.0
2024-02-21 15:22:00,short,17427.25,17447.25,17367.25,-1760.0,-15785.0
2024-02-21 23:03:00,long,17795.5,17775.5,17855.5,5040.0,-10745.0
2024-02-25 17:51:00,long,17982.5,17962.5,18042.5,-1960.0,-12705.0
2024-02-28 09:10:00,short,17910.25,17930.25,17850.25,-1840.0,-14545.0
2024-03-01 06:07:00,long,18087.0,18067.0,18147.0,5280.0,-9265.0
2024-03-05 20:25:00,long,17970.75,17950.75,18030.75,6000.0,-3265.0
2024-03-07 01:37:00,short,17945.25,17965.25,17885.25,-2320.0,-5585.0
2024-03-07 02:58:00,long,17977.0,17957.0,18037.0,6600.0,1015.0
2024-03-08 08:36:00,short,18313.5,18333.5,18253.5,-2520.0,-1505.0
2024-03-08 13:56:00,long,18142.75,18122.75,18202.75,-2400.0,-3905.0
2024-03-12 18:41:00,long,18483.75,18463.75,18543.75,-2280.0,-6185.0
2024-03-12 20:26:00,short,18462.0,18482.0,18402.0,-2160.0,-8345.0
2024-03-18 20:07:00,short,18170.0,18190.0,18110.0,-2080.0,-10425.0
2024-03-21 09:10:00,short,18662.25,18682.25,18602.25,-1960.0,-12385.0
2024-03-27 00:19:00,long,18514.75,18494.75,18574.75,-1880.0,-14265.0
2024-03-28 06:54:00,short,18484.75,18504.75,18424.75,-1760.0,-16025.0
2024-04-02 03:38:00,long,18496.0,18476.0,18556.0,-1680.0,-17705.0
2024-04-05 07:31:00,short,18109.0,18129.0,18049.0,-1600.0,-19305.0
2024-04-11 03:44:00,short,18198.0,18218.0,18138.0,4560.0,-14745.0
2024-04-11 19:57:00,long,18491.75,18471.75,18551.75,-1760.0,-16505.0
2024-04-14 22:24:00,short,18220.5,18240.5,18160.5,-1640.0,-18145.0
2024-04-15 03:27:00,long,18275.5,18255.5,18335.5,4680.0,-13465.0
2024-04-17 08:32:00,long,17950.5,17930.5,18010.5,-1800.0,-15265.0
2024-04-23 08:32:00,long,17451.25,17431.25,17511.25,-1720.0,-16985.0
2024-04-23 13:14:00,long,17632.25,17612.25,17692.25,-1640.0,-18625.0
2024-04-25 17:34:00,short,17776.0,17796.0,17716.0,4680.0,-13945.0
2024-04-30 08:33:00,long,17834.0,17814.0,17894.0,5400.0,-8545.0
2024-05-01 20:02:00,long,17531.75,17511.75,17591.75,6120.0,-2425.0
2024-05-03 07:31:00,long,17899.25,17879.25,17959.25,7080.0,4655.0
2024-05-03 13:41:00,long,18010.75,17990.75,18070.75,-2720.0,1935.0
2024-05-06 13:23:00,long,18131.5,18111.5,18191.5,7680.0,9615.0
2024-05-09 15:35:00,long,18227.0,18207.0,18287.0,8880.0,18495.0
2024-05-12 20:20:00,long,18255.5,18235.5,18315.5,10200.0,28695.0
2024-05-13 20:38:00,short,18273.0,18293.0,18213.0,-3920.0,24775.0
2024-05-17 15:01:00,short,18623.25,18643.25,18563.25,-3720.0,21055.0
2024-05-19 17:35:00,long,18652.0,18632.0,18712.0,10560.0,31615.0
2024-05-23 09:12:00,short,18898.0,18918.0,18838.0,12240.0,43855.0
2024-05-23 18:44:00,long,18706.75,18686.75,18766.75,-4680.0,39175.0
2024-05-24 10:37:00,long,18899.5,18879.5,18959.5,-4440.0,34735.0
2024-05-27 07:07:00,long,18877.0,18857.0,18937.0,12600.0,47335.0
2024-05-27 11:10:00,long,18935.75,18915.75,18995.75,-4840.0,42495.0
2024-05-28 09:05:00,short,18882.25,18902.25,18822.25,-4600.0,37895.0
2024-05-28 13:57:00,short,18851.75,18871.75,18791.75,-4360.0,33535.0
2024-05-30 17:01:00,short,18570.0,18590.0,18510.0,12480.0,46015.0
2024-06-06 03:39:00,long,19101.75,19081.75,19161.75,-4800.0,41215.0
2024-06-06 10:53:00,short,19066.75,19086.75,19006.75,-4560.0,36655.0
2024-06-11 18:33:00,long,19263.75,19243.75,19323.75,-4320.0,32335.0
2024-06-12 08:20:00,long,19415.5,19395.5,19475.5,-4080.0,28255.0
2024-06-13 00:40:00,short,19625.75,19645.75,19565.75,-3880.0,24375.0
2024-06-13 08:37:00,long,19634.75,19614.75,19694.75,-3680.0,20695.0
2024-06-14 02:51:00,long,19645.5,19625.5,19705.5,-3520.0,17175.0
2024-06-17 00:53:00,long,19960.25,19940.25,20020.25,-3320.0,13855.0
2024-06-20 22:34:00,long,20058.75,20038.75,20118.75,-3160.0,10695.0
2024-06-21 08:05:00,long,20022.25,20002.25,20082.25,-3000.0,7695.0
2024-06-23 19:50:00,long,20013.75,19993.75,20073.75,-2880.0,4815.0
2024-06-26 05:36:00,short,20014.0,20034.0,19954.0,8160.0,12975.0
2024-06-27 17:59:00,long,20081.25,20061.25,20141.25,9360.0,22335.0
2024-06-30 18:47:00,long,19960.5,19940.5,20020.5,-3600.0,18735.0
2024-07-03 10:35:00,long,20330.5,20310.5,20390.5,10200.0,28935.0
2024-07-05 01:52:00,long,20449.5,20429.5,20509.5,-3920.0,25015.0
2024-07-15 17:34:00,long,20635.0,20615.0,20695.0,-3720.0,21295.0
2024-07-19 10:51:00,short,19754.0,19774.0,19694.0,-3560.0,17735.0
2024-07-22 20:06:00,short,19944.5,19964.5,19884.5,-3360.0,14375.0
2024-07-25 23:09:00,short,19078.75,19098.75,19018.75,-3200.0,11175.0
2024-07-30 03:33:00,short,19226.0,19246.0,19166.0,-3040.0,8135.0
2024-07-31 17:30:00,long,19628.75,19608.75,19688.75,-2880.0,5255.0
2024-08-02 04:38:00,short,18688.25,18708.25,18628.25,-2760.0,2495.0
2024-08-04 18:59:00,short,18270.25,18290.25,18210.25,7800.0,10295.0
2024-08-05 01:52:00,long,17630.5,17610.5,17690.5,-3000.0,7295.0
2024-08-08 23:29:00,long,18572.75,18552.75,18632.75,-2840.0,4455.0
2024-08-11 23:11:00,long,18635.5,18615.5,18695.5,-2720.0,1735.0
2024-08-12 04:16:00,short,18642.5,18662.5,18582.5,-2560.0,-825.0
2024-08-14 15:34:00,long,19146.0,19126.0,19206.0,-2440.0,-3265.0
2024-08-15 08:12:00,long,19326.5,19306.5,19386.5,6960.0,3695.0
2024-08-16 01:28:00,long,19662.5,19642.5,19722.5,-2680.0,1015.0
2024-08-18 17:01:00,long,19623.25,19603.25,19683.25,7560.0,8575.0
2024-08-19 12:13:00,long,19685.0,19665.0,19745.0,8760.0,17335.0
2024-08-22 14:51:00,short,19586.25,19606.25,19526.25,-3360.0,13975.0
2024-08-22 21:29:00,long,19649.75,19629.75,19709.75,9480.0,23455.0
2024-08-26 11:55:00,long,19614.5,19594.5,19674.5,-3640.0,19815.0
2024-08-26 15:54:00,short,19564.0,19584.0,19504.0,-3480.0,16335.0
2024-08-26 21:16:00,long,19569.0,19549.0,19629.0,9840.0,26175.0
2024-08-27 13:11:00,long,19678.0,19658.0,19738.0,-3800.0,22375.0
2024-08-28 06:25:00,short,19655.0,19675.0,19595.0,10800.0,33175.0
2024-08-28 23:37:00,long,19287.25,19267.25,19347.25,12360.0,45535.0
2024-09-03 13:36:00,short,19058.0,19078.0,18998.0,14280.0,59815.0
2024-09-03 18:17:00,short,18969.25,18989.25,18909.25,16440.0,76255.0
2024-09-03 21:42:00,long,18913.75,18893.75,18973.75,-6280.0,69975.0
2024-09-04 05:35:00,short,18894.25,18914.25,18834.25,-5960.0,64015.0
2024-09-05 23:12:00,short,18881.25,18901.25,18821.25,17040.0,81055.0
2024-09-06 10:02:00,short,18618.5,18638.5,18558.5,19560.0,100615.0
2024-09-08 18:22:00,short,18419.0,18439.0,18359.0,-7520.0,93095.0
2024-09-09 03:11:00,long,18613.75,18593.75,18673.75,-7120.0,85975.0
2024-09-09 14:55:00,long,18652.0,18632.0,18712.0,20280.0,106255.0
2024-09-09 15:48:00,long,18720.75,18700.75,18780.75,-7800.0,98455.0
2024-09-10 05:53:00,long,18652.0,18632.0,18712.0,22200.0,120655.0
2024-09-10 13:24:00,long,18818.0,18798.0,18878.0,25560.0,146215.0
2024-09-11 14:45:00,long,19186.5,19166.5,19246.5,29400.0,175615.0
2024-09-11 23:54:00,long,19311.0,19291.0,19371.0,-11280.0,164335.0
2024-09-12 05:13:00,short,19302.0,19322.0,19242.0,-10680.0,153655.0
2024-09-12 13:12:00,long,19440.25,19420.25,19500.25,-10160.0,143495.0
2024-09-16 13:06:00,long,19648.5,19628.5,19708.5,-9640.0,133855.0
2024-09-16 15:02:00,long,19662.25,19642.25,19722.25,-9160.0,124695.0
2024-09-17 13:16:00,long,19663.0,19643.0,19723.0,-8720.0,115975.0
2024-09-18 17:49:00,long,19673.5,19653.5,19733.5,-8280.0,107695.0
2024-09-18 22:05:00,long,19813.75,19793.75,19873.75,23640.0,131335.0
2024-09-19 13:09:00,long,20186.0,20166.0,20246.0,-9040.0,122295.0
2024-09-19 23:59:00,long,20058.0,20038.0,20118.0,-8600.0,113695.0
2024-09-20 01:14:00,long,20041.25,20021.25,20101.25,-8160.0,105535.0
2024-09-25 09:28:00,long,20246.25,20226.25,20306.25,-7760.0,97775.0
2024-09-25 21:17:00,long,20314.75,20294.75,20374.75,22080.0,119855.0
2024-09-30 18:46:00,short,20229.75,20249.75,20169.75,-8480.0,111375.0
2024-10-01 18:10:00,short,19922.25,19942.25,19862.25,-8040.0,103335.0
2024-10-02 08:34:00,short,19949.5,19969.5,19889.5,22920.0,126255.0
2024-10-02 13:22:00,long,20050.5,20030.5,20110.5,-8800.0,117455.0
2024-10-03 11:06:00,long,20031.25,20011.25,20091.25,-8360.0,109095.0
2024-10-08 13:24:00,long,20228.0,20208.0,20288.0,23760.0,132855.0
2024-10-08 17:54:00,short,20277.75,20297.75,20217.75,27360.0,160215.0
2024-10-09 18:43:00,short,20451.75,20471.75,20391.75,-10480.0,149735.0
2024-10-10 05:34:00,short,20427.5,20447.5,20367.5,-9960.0,139775.0
2024-10-10 08:32:00,long,20381.5,20361.5,20441.5,-9480.0,130295.0
2024-10-10 17:23:00,short,20431.0,20451.0,20371.0,-9000.0,121295.0
2024-10-11 06:39:00,short,20373.25,20393.25,20313.25,-8560.0,112735.0
2024-10-11 07:31:00,long,20394.5,20374.5,20454.5,-8120.0,104615.0
2024-10-11 11:15:00,long,20451.5,20431.5,20511.5,-7720.0,96895.0
2024-10-11 14:32:00,long,20477.75,20457.75,20537.75,-7320.0,89575.0
2024-10-15 14:25:00,short,20305.25,20325.25,20245.25,-6960.0,82615.0
2024-10-15 21:54:00,long,20377.5,20357.5,20437.5,-6600.0,76015.0
2024-10-16 11:10:00,short,20292.5,20312.5,20232.5,-6280.0,69735.0
2024-10-17 17:59:00,long,20406.0,20386.0,20466.0,-5960.0,63775.0
2024-10-17 21:06:00,long,20372.25,20352.25,20432.25,-5680.0,58095.0
